,Year,Rank,Title,Artist
0,2006,1,Bad Day,Daniel Powter
1,2006,2,Temperature,Sean Paul
2,2006,3,Promiscuous,Nelly Furtado Featuring Timbaland
3,2006,4,You're Beautiful,James Blunt
4,2006,5,Hips Don't Lie,Shakira Featuring Wyclef Jean
5,2006,6,Unwritten,Natasha Bedingfield
6,2006,7,Crazy,Gnarls Barkley
7,2006,8,Ridin',Chamillionaire Featuring Krayzie Bone
8,2006,9,SexyBack,Justin Timberlake
9,2006,10,Check On It,Beyonce Featuring Slim Thug
10,2006,11,Be Without You,Mary J. Blige
11,2006,12,Grillz,"Nelly Featuring Paul Wall, Ali & Gipp"
12,2006,13,Over My Head (Cable Car),The Fray
13,2006,14,Me & U,Cassie
14,2006,15,Buttons,The Pussycat Dolls Featuring Snoop Dogg
15,2006,16,Run It!,Chris Brown
16,2006,17,So Sick,Ne-Yo
17,2006,18,It's Goin' Down,Yung Joc
18,2006,19,SOS,Rihanna
19,2006,20,I Write Sins Not Tragedies,Panic! At The Disco
20,2006,21,Move Along,The All-American Rejects
21,2006,22,London Bridge,Fergie
22,2006,23,Dani California,Red Hot Chili Peppers
23,2006,24,Snap Yo Fingers,Lil Jon Featuring E-40 & Sean Paul Of The YoungBloodZ
24,2006,25,"Lean Wit It, Rock Wit It",Dem Franchize Boyz Featuring Lil Peanut & Charlay
25,2006,26,What Hurts The Most,Rascal Flatts
26,2006,27,How To Save A Life,The Fray
27,2006,28,Unfaithful,Rihanna
28,2006,29,Chasing Cars,Snow Patrol
29,2006,30,Lips Of An Angel,Hinder
30,2006,31,Everytime We Touch,Cascada
31,2006,32,Ain't No Other Man,Christina Aguilera
32,2006,33,"Dance, Dance",Fall Out Boy
33,2006,34,Gold Digger,Kanye West Featuring Jamie Foxx
34,2006,35,Money Maker,Ludacris Featuring Pharrell
35,2006,36,Ms. New Booty,Bubba Sparxxx Featuring Ying Yang Twins & Mr. ColliPark
36,2006,37,(When You Gonna) Give It Up To Me,Sean Paul Featuring Keyshia Cole
37,2006,38,Photograph,Nickelback
38,2006,39,Because Of You,Kelly Clarkson
39,2006,40,Stickwitu,The Pussycat Dolls
40,2006,41,I'm N Luv (Wit A Stripper),T-Pain Featuring Mike Jones
41,2006,42,My Humps,The Black Eyed Peas
42,2006,43,Where'd You Go,Fort Minor Featuring Holly Brook
43,2006,44,Yo (Excuse Me Miss),Chris Brown
44,2006,45,Walk Away,Kelly Clarkson
45,2006,46,Laffy Taffy,D4L
46,2006,47,What You Know,T.I.
47,2006,48,Dirty Little Secret,The All-American Rejects
48,2006,49,Savin' Me,Nickelback
49,2006,50,Don't Forget About Us,Mariah Carey
50,2006,51,Sexy Love,Ne-Yo
51,2006,52,U And Dat,E-40 Featuring T-Pain & Kandi Girl
52,2006,53,Far Away,Nickelback
53,2006,54,What's Left Of Me,Nick Lachey
54,2006,55,So What,Field Mob Featuring Ciara
55,2006,56,Do It To It,Cherish Featuring Sean Paul Of The YoungBloodZ
56,2006,57,Black Horse & The Cherry Tree,KT Tunstall
57,2006,58,There It Go! (The Whistle Song),Juelz Santana
58,2006,59,Shoulder Lean,Young Dro Featuring T.I.
59,2006,60,Unpredictable,Jamie Foxx Featuring Ludacris
60,2006,61,My Love,Justin Timberlake Featuring T.I.
61,2006,62,Shake That,Eminem Featuring Nate Dogg
62,2006,63,Pullin' Me Back,Chingy Featuring Tyrese
63,2006,64,Bossy,Kelis Featuring Too $hort
64,2006,65,Chain Hang Low,Jibbs
65,2006,66,Smack That,Akon Featuring Eminem
66,2006,67,One Wish,Ray J
67,2006,68,"Sugar, We're Goin' Down",Fall Out Boy
68,2006,69,Gimme That,Chris Brown Featuring Lil Wayne
69,2006,70,I Know You See It,Yung Joc Featuring Brandy 'Ms. B.' Hambrick
70,2006,71,Who Says You Can't Go Home,Bon Jovi
71,2006,72,Too Little Too Late,JoJo
72,2006,73,Touch It,Busta Rhymes
73,2006,74,Rompe,Daddy Yankee
74,2006,75,Deja Vu,Beyonce Featuring Jay Z
75,2006,76,Life Is A Highway,Rascal Flatts
76,2006,77,Call Me When You're Sober,Evanescence
77,2006,78,"Jesus, Take The Wheel",Carrie Underwood
78,2006,79,Show Stopper,Danity Kane
79,2006,80,Get Up,Ciara Featuring Chamillionaire
80,2006,81,We Be Burnin',Sean Paul
81,2006,82,Hate Me,Blue October
82,2006,83,You And Me,Lifehouse
83,2006,84,Beep,The Pussycat Dolls Featuring will.i.am
84,2006,85,I Think They Like Me,"Dem Franchize Boyz Featuring Jermaine Dupri, Da Brat & Bow Wow"
85,2006,86,Say Goodbye,Chris Brown
86,2006,87,Waiting On The World To Change,John Mayer
87,2006,88,Soul Survivor,Young Jeezy Featuring Akon
88,2006,89,Pump It,The Black Eyed Peas
89,2006,90,When I'm Gone,Eminem
90,2006,91,Hung Up,Madonna
91,2006,92,Stay Fly,Three 6 Mafia Featuring Young Buck & Eightball & MJG
92,2006,93,Love,Keyshia Cole
93,2006,94,When You're Mad,Ne-Yo
94,2006,95,Why You Wanna,T.I.
95,2006,96,Stupid Girls,P!nk
96,2006,97,Feel Good Inc,Gorillaz
97,2006,98,I'm Sprung,T-Pain
98,2006,99,Do I Make You Proud,Taylor Hicks
99,2007,1,Irreplaceable,Beyonce
100,2007,2,Umbrella,Rihanna Featuring Jay-Z
101,2007,3,The Sweet Escape,Gwen Stefani Featuring Akon
102,2007,4,Big Girls Don't Cry,Fergie
103,2007,5,Buy U A Drank (Shawty Snappin'),T-Pain Featuring Yung Joc
104,2007,6,Before He Cheats,Carrie Underwood
105,2007,7,Hey There Delilah,Plain White T's
106,2007,8,I Wanna Love You,Akon Featuring Snoop Dogg
107,2007,9,Say It Right,Nelly Furtado
108,2007,10,Glamorous,Fergie Featuring Ludacris
109,2007,11,Don't Matter,Akon
110,2007,12,Girlfriend,Avril Lavigne
111,2007,13,Makes Me Wonder,Maroon 5
112,2007,14,Party Like A Rockstar,Shop Boyz
113,2007,15,Smack That,Akon Featuring Eminem
114,2007,16,This Is Why I'm Hot,Mims
115,2007,17,It's Not Over,Daughtry
116,2007,18,The Way I Are,Timbaland Featuring Keri Hilson
117,2007,19,Fergalicious,Fergie
118,2007,20,Crank That (Soulja Boy),Soulja Boy Tell'em
119,2007,21,Give It To Me,Timbaland Featuring Nelly Furtado & Justin Timberlake
120,2007,22,What Goes Around...Comes Around,Justin Timberlake
121,2007,23,Cupid's Chokehold/Breakfast In America,Gym Class Heroes Featuring Patrick Stump
122,2007,24,How To Save A Life,The Fray
123,2007,25,Home,Daughtry
124,2007,26,My Love,Justin Timberlake Featuring T.I.
125,2007,27,Stronger,Kanye West
126,2007,28,We Fly High,Jim Jones
127,2007,29,U + Ur Hand,P!nk
128,2007,30,Walk It Out,Unk
129,2007,31,Beautiful Girls,Sean Kingston
130,2007,32,"This Ain't A Scene, It's An Arms Race",Fall Out Boy
131,2007,33,Bartender,T-Pain Featuring Akon
132,2007,34,"Pop, Lock & Drop It",Huey
133,2007,35,Runaway Love,Ludacris Featuring Mary J. Blige
134,2007,36,Rockstar,Nickelback
135,2007,37,Thnks Fr Th Mmrs,Fall Out Boy
136,2007,38,What I've Done,Linkin Park
137,2007,39,Summer Love,Justin Timberlake
138,2007,40,You,Lloyd Featuring Lil Wayne
139,2007,41,Wait For You,Elliott Yamin
140,2007,42,Last Night,Diddy Featuring Keyshia Cole
141,2007,43,Make It Rain,Fat Joe Featuring Lil Wayne
142,2007,44,Make Me Better,Fabolous Featuring Ne-Yo
143,2007,45,Ice Box,Omarion
144,2007,46,Lips Of An Angel,Hinder
145,2007,47,Waiting On The World To Change,John Mayer
146,2007,48,Lost Without U,Robin Thicke
147,2007,49,I'm A Flirt,R. Kelly Or Bow Wow (Featuring T.I. & T-Pain)
148,2007,50,If Everyone Cared,Nickelback
149,2007,51,Get It Shawty,Lloyd
150,2007,52,Face Down,The Red Jumpsuit Apparatus
151,2007,53,The Way I Live,Baby Boy Da Prince Featuring Lil Boosie
152,2007,54,Shortie Like Mine,Bow Wow Featuring Chris Brown & Johnta Austin
153,2007,55,It Ends Tonight,The All-American Rejects
154,2007,56,A Bay Bay,Hurricane Chris
155,2007,57,Because Of You,Ne-Yo
156,2007,58,I Tried,Bone Thugs-N-Harmony Featuring Akon
157,2007,59,Welcome To The Black Parade,My Chemical Romance
158,2007,60,Shawty,Plies Featuring T-Pain
159,2007,61,Chasing Cars,Snow Patrol
160,2007,62,Beautiful Liar,Beyonce & Shakira
161,2007,63,SexyBack,Justin Timberlake
162,2007,64,Keep Holding On,Avril Lavigne
163,2007,65,Let It Go,Keyshia Cole Featuring Missy Elliott & Lil Kim
164,2007,66,Apologize,Timbaland Featuring OneRepublic
165,2007,67,Bubbly,Colbie Caillat
166,2007,68,Like A Boy,Ciara
167,2007,69,Who Knew,P!nk
168,2007,70,Never Again,Kelly Clarkson
169,2007,71,Promise,Ciara
170,2007,72,Bed,J. Holiday
171,2007,73,Throw Some D's,Rich Boy Featuring Polow Da Don
172,2007,74,Rehab,Amy Winehouse
173,2007,75,Big Things Poppin' (Do It),T.I.
174,2007,76,No One,Alicia Keys
175,2007,77,The Great Escape,Boys Like Girls
176,2007,78,2 Step,Unk
177,2007,79,Walk Away (Remember Me),Paula DeAnda Featuring The DEY
178,2007,80,Go Getta,Young Jeezy Featuring R. Kelly
179,2007,81,Here (In Your Arms),Hellogoodbye
180,2007,82,On The Hotline,Pretty Ricky
181,2007,83,Wind It Up,Gwen Stefani
182,2007,84,Cyclone,Baby Bash Featuring T-Pain
183,2007,85,Break It Off,Rihanna & Sean Paul
184,2007,86,First Time,Lifehouse
185,2007,87,Ayo Technology,50 Cent Featuring Justin Timberlake & Timbaland
186,2007,88,Outta My System,Bow Wow Featuring T-Pain & Johnta Austin
187,2007,89,Teardrops On My Guitar,Taylor Swift
188,2007,90,Shut Up And Drive,Rihanna
189,2007,91,Snow ((Hey Oh)),Red Hot Chili Peppers
190,2007,92,Money Maker,Ludacris Featuring Pharrell
191,2007,93,Kiss Kiss,Chris Brown Featuring T-Pain
192,2007,94,Far Away,Nickelback
193,2007,95,Rock Yo Hips,Crime Mob Featuring Lil Scrappy
194,2007,96,LoveStoned,Justin Timberlake
195,2007,97,Better Than Me,Hinder
196,2007,98,Paralyzer,Finger Eleven
197,2007,99,That's That,Snoop Dogg Featuring R. Kelly
198,2008,1,Low,Flo Rida Featuring T-Pain
199,2008,2,Bleeding Love,Leona Lewis
200,2008,3,No One,Alicia Keys
201,2008,4,Lollipop,Lil Wayne Featuring Static Major
202,2008,5,Apologize,Timbaland Featuring OneRepublic
203,2008,6,No Air,Jordin Sparks Duet With Chris Brown
204,2008,7,Love Song,Sara Bareilles
205,2008,8,Love In This Club,Usher Featuring Young Jeezy
206,2008,9,With You,Chris Brown
207,2008,10,Forever,Chris Brown
208,2008,11,Sexy Can I,Ray J & Yung Berg
209,2008,12,Take A Bow,Rihanna
210,2008,13,Viva La Vida,Coldplay
211,2008,14,I Kissed A Girl,Katy Perry
212,2008,15,Whatever You Like,T.I.
213,2008,16,Disturbia,Rihanna
214,2008,17,Don't Stop The Music,Rihanna
215,2008,18,Pocketful Of Sunshine,Natasha Bedingfield
216,2008,19,Kiss Kiss,Chris Brown Featuring T-Pain
217,2008,20,Closer,Ne-Yo
218,2008,21,Bubbly,Colbie Caillat
219,2008,22,Touch My Body,Mariah Carey
220,2008,23,4 Minutes,Madonna Featuring Justin Timberlake & Timbaland
221,2008,24,So What,P!nk
222,2008,25,Paralyzer,Finger Eleven
223,2008,26,Clumsy,Fergie
224,2008,27,I'm Yours,Jason Mraz
225,2008,28,Leavin',Jesse McCartney
226,2008,29,Dangerous,Kardinal Offishall Featuring Akon
227,2008,30,Tattoo,Jordin Sparks
228,2008,31,See You Again,Miley Cyrus
229,2008,32,Shake It,Metro Station
230,2008,33,Stop And Stare,OneRepublic
231,2008,34,Take You There,Sean Kingston
232,2008,35,Paper Planes,M.I.A.
233,2008,36,Hot N Cold,Katy Perry
234,2008,37,Live Your Life,T.I. Featuring Rihanna
235,2008,38,Bust It Baby Part 2,Plies Featuring Ne-Yo
236,2008,39,American Boy,Estelle Featuring Kanye West
237,2008,40,Got Money,Lil Wayne Featuring T-Pain
238,2008,41,Our Song,Taylor Swift
239,2008,42,Damaged,Danity Kane
240,2008,43,A Milli,Lil Wayne
241,2008,44,Sorry,Buckcherry
242,2008,45,Independent,Webbie Featuring Lil' Phat & Lil' Boosie
243,2008,46,Can't Believe It,T-Pain Featuring Lil Wayne
244,2008,47,Like You'll Never See Me Again,Alicia Keys
245,2008,48,Teardrops On My Guitar,Taylor Swift
246,2008,49,When I Grow Up,The Pussycat Dolls
247,2008,50,Sensual Seduction,Snoop Dogg
248,2008,51,What You Got,Colby O'Donis Featuring Akon
249,2008,52,It's Not My Time,3 Doors Down
250,2008,53,Better In Time,Leona Lewis
251,2008,54,Crank That (Soulja Boy),Soulja Boy Tell'em
252,2008,55,Shadow Of The Day,Linkin Park
253,2008,56,Sweetest Girl (Dollar Bill),"Wyclef Jean Featuring Akon, Lil Wayne & Niia"
254,2008,57,Miss Independent,Ne-Yo
255,2008,58,Fall For You,Secondhand Serenade
256,2008,59,In The Ayer,Flo Rida Featuring will.i.am
257,2008,60,Say,John Mayer
258,2008,61,One Step At A Time,Jordin Sparks
259,2008,62,Hate That I Love You,Rihanna Featuring Ne-Yo
260,2008,63,Superstar,Lupe Fiasco Featuring Matthew Santos
261,2008,64,Suffocate,J. Holiday
262,2008,65,Let It Rock,Kevin Rudolf Featuring Lil Wayne
263,2008,66,Get Like Me,David Banner Featuring Chris Brown
264,2008,67,Realize,Colbie Caillat
265,2008,68,Put On,Young Jeezy Featuring Kanye West
266,2008,69,The Time Of My Life,David Cook
267,2008,70,Lolli Lolli (Pop That Body),"Three 6 Mafia Featuring Project Pat, Young D & Superpower"
268,2008,71,Cyclone,Baby Bash Featuring T-Pain
269,2008,72,Love Like This,Natasha Bedingfield Featuring Sean Kingston
270,2008,73,Burnin' Up,Jonas Brothers
271,2008,74,Love Lockdown,Kanye West
272,2008,75,I Luv Your Girl,The-Dream
273,2008,76,Crush,David Archuleta
274,2008,77,Hypnotized,Plies Featuring Akon
275,2008,78,Big Girls Don't Cry,Fergie
276,2008,79,Good Life,Kanye West Featuring T-Pain
277,2008,80,Womanizer,Britney Spears
278,2008,81,Love Story,Taylor Swift
279,2008,82,Just Fine,Mary J. Blige
280,2008,83,Piece Of Me,Britney Spears
281,2008,84,The Boss,Rick Ross Featuring T-Pain
282,2008,85,All Summer Long,Kid Rock
283,2008,86,Can't Help But Wait,Trey Songz
284,2008,87,In Love With A Girl,Gavin DeGraw
285,2008,88,My Life,The Game Featuring Lil Wayne
286,2008,89,I Remember,Keyshia Cole
287,2008,90,Flashing Lights,Kanye West Featuring Dwele
288,2008,91,Mrs. Officer,Lil Wayne Featuring Bobby Valentino & Kidd Kidd
289,2008,92,7 Things,Miley Cyrus
290,2008,93,You're Gonna Miss This,Trace Adkins
291,2008,94,Love Remains The Same,Gavin Rossdale
292,2008,95,Feels Like Tonight,Daughtry
293,2008,96,The Way I Are,Timbaland Featuring Keri Hilson
294,2008,97,Addicted,Saving Abel
295,2008,98,Into The Night,Santana Featuring Chad Kroeger
296,2008,99,Heaven Sent,Keyshia Cole
297,2009,1,Boom Boom Pow,The Black Eyed Peas
298,2009,2,Poker Face,Lady Gaga
299,2009,3,Just Dance,Lady Gaga Featuring Colby O'Donis
300,2009,4,I Gotta Feeling,The Black Eyed Peas
301,2009,5,Love Story,Taylor Swift
302,2009,6,Right Round,Flo Rida
303,2009,7,I'm Yours,Jason Mraz
304,2009,8,Single Ladies (Put A Ring On It),Beyonce
305,2009,9,Heartless,Kanye West
306,2009,10,Gives You Hell,The All-American Rejects
307,2009,11,You Belong With Me,Taylor Swift
308,2009,12,Dead And Gone,T.I. Featuring Justin Timberlake
309,2009,13,You Found Me,The Fray
310,2009,14,Use Somebody,Kings Of Leon
311,2009,15,Knock You Down,Keri Hilson Featuring Kanye West & Ne-Yo
312,2009,16,Blame It,Jamie Foxx Featuring T-Pain
313,2009,17,I Know You Want Me (Calle Ocho),Pitbull
314,2009,18,Live Your Life,T.I. Featuring Rihanna
315,2009,19,Kiss Me Thru The Phone,Soulja Boy Tell 'em Featuring Sammie
316,2009,20,Down,Jay Sean Featuring Lil Wayne
317,2009,21,The Climb,Miley Cyrus
318,2009,22,Best I Ever Had,Drake
319,2009,23,My Life Would Suck Without You,Kelly Clarkson
320,2009,24,Halo,Beyonce
321,2009,25,Hot N Cold,Katy Perry
322,2009,26,Second Chance,Shinedown
323,2009,27,Circus,Britney Spears
324,2009,28,Day 'N' Nite,Kid Cudi
325,2009,29,Party In The U.S.A.,Miley Cyrus
326,2009,30,Don't Trust Me,3OH!3
327,2009,31,Run This Town,"Jay-Z, Rihanna & Kanye West"
328,2009,32,Let It Rock,Kevin Rudolf Featuring Lil Wayne
329,2009,33,Fire Burning,Sean Kingston
330,2009,34,Whatcha Say,Jason Derulo
331,2009,35,LoveGame,Lady Gaga
332,2009,36,Waking Up In Vegas,Katy Perry
333,2009,37,Birthday Sex,Jeremih
334,2009,38,Sober,P!nk
335,2009,39,Womanizer,Britney Spears
336,2009,40,Whatever You Like,T.I.
337,2009,41,Obsessed,Mariah Carey
338,2009,42,Mad,Ne-Yo
339,2009,43,Good Girls Go Bad,Cobra Starship Featuring Leighton Meester
340,2009,44,Love Lockdown,Kanye West
341,2009,45,So What,P!nk
342,2009,46,Hotel Room Service,Pitbull
343,2009,47,Crack A Bottle,"Eminem, Dr. Dre & 50 Cent"
344,2009,48,If I Were A Boy,Beyonce
345,2009,49,Turnin Me On,Keri Hilson Featuring Lil Wayne
346,2009,50,I Hate This Part,The Pussycat Dolls
347,2009,51,Gotta Be Somebody,Nickelback
348,2009,52,Please Don't Leave Me,P!nk
349,2009,53,Paparazzi,Lady Gaga
350,2009,54,Beautiful,Akon Featuring Colby O'Donis & Kardinal Offishall
351,2009,55,Viva La Vida,Coldplay
352,2009,56,Right Now (Na Na Na),Akon
353,2009,57,Battlefield,Jordin Sparks
354,2009,58,Sugar,Flo Rida Featuring Wynter
355,2009,59,Miss Independent,Ne-Yo
356,2009,60,Fireflies,Owl City
357,2009,61,New Divide,Linkin Park
358,2009,62,Empire State Of Mind,Jay-Z + Alicia Keys
359,2009,63,No Surprise,Daughtry
360,2009,64,She Wolf,Shakira
361,2009,65,Break Up,Mario Featuring Gucci Mane & Sean Garrett
362,2009,66,Sweet Dreams,Beyonce
363,2009,67,Every Girl,Young Money
364,2009,68,Fallin' For You,Colbie Caillat
365,2009,69,Untouched,The Veronicas
366,2009,70,If Today Was Your Last Day,Nickelback
367,2009,71,Throw It In The Bag,Fabolous Featuring The-Dream
368,2009,72,Love Drunk,Boys Like Girls
369,2009,73,I Love College,Asher Roth
370,2009,74,If U Seek Amy,Britney Spears
371,2009,75,Big Green Tractor,Jason Aldean
372,2009,76,White Horse,Taylor Swift
373,2009,77,Disturbia,Rihanna
374,2009,78,21 Guns,Green Day
375,2009,79,Turn My Swag On,Soulja Boy Tell'em
376,2009,80,Rockin' That Thang,The-Dream
377,2009,81,Chicken Fried,Zac Brown Band
378,2009,82,Diva,Beyonce
379,2009,83,Replay,Iyaz
380,2009,84,Then,Brad Paisley
381,2009,85,Her Diamonds,Rob Thomas
382,2009,86,How Do You Sleep?,Jesse McCartney Featuring Ludacris
383,2009,87,3,Britney Spears
384,2009,88,Forever,"Drake Featuring Kanye West, Lil Wayne & Eminem"
385,2009,89,One Time,Justin Bieber
386,2009,90,I Run To You,Lady Antebellum
387,2009,91,I Do Not Hook Up,Kelly Clarkson
388,2009,92,Green Light,John Legend Featuring Andre 3000
389,2009,93,People Are Crazy,Billy Currington
390,2009,94,Whatever It Is,Zac Brown Band
391,2009,95,Already Gone,Kelly Clarkson
392,2009,96,Goodbye,Kristinia DeBarge
393,2009,97,Say Hey (I Love You),Michael Franti & Spearhead Featuring Cherine Anderson
394,2009,98,Pop Champagne,Jim Jones & Ron Browz Featuring Juelz Santana
395,2009,99,Pretty Wings,Maxwell
396,2010,1,TiK ToK,Ke$ha
397,2010,2,Need You Now,Lady Antebellum
398,2010,3,"Hey, Soul Sister",Train
399,2010,4,California Gurls,Katy Perry Featuring Snoop Dogg
400,2010,5,OMG,Usher Featuring will.i.am
401,2010,6,Airplanes,B.o.B Featuring Hayley Williams
402,2010,7,Love The Way You Lie,Eminem Featuring Rihanna
403,2010,8,Bad Romance,Lady Gaga
404,2010,9,Dynamite,Taio Cruz
405,2010,10,Break Your Heart,Taio Cruz Featuring Ludacris
406,2010,11,Nothin' On You,B.o.B Featuring Bruno Mars
407,2010,12,I Like It,Enrique Iglesias Featuring Pitbull
408,2010,13,BedRock,Young Money Featuring Lloyd
409,2010,14,In My Head,Jason Derulo
410,2010,15,Rude Boy,Rihanna
411,2010,16,Telephone,Lady Gaga Featuring Beyonce
412,2010,17,Teenage Dream,Katy Perry
413,2010,18,Just The Way You Are,Bruno Mars
414,2010,19,Cooler Than Me,Mike Posner
415,2010,20,Imma Be,The Black Eyed Peas
416,2010,21,Empire State Of Mind,Jay-Z + Alicia Keys
417,2010,22,DJ Got Us Fallin' In Love,Usher Featuring Pitbull
418,2010,23,Billionaire,Travie McCoy Featuring Bruno Mars
419,2010,24,Not Afraid,Eminem
420,2010,25,Replay,Iyaz
421,2010,26,Sexy Chick,David Guetta Featuring Akon
422,2010,27,Breakeven,The Script
423,2010,28,Your Love Is My Drug,Ke$ha
424,2010,29,I Gotta Feeling,The Black Eyed Peas
425,2010,30,Fireflies,Owl City
426,2010,31,Say Aah,Trey Songz Featuring Fabolous
427,2010,32,Find Your Love,Drake
428,2010,33,Alejandro,Lady Gaga
429,2010,34,Ridin' Solo,Jason Derulo
430,2010,35,Just A Dream,Nelly
431,2010,36,How Low,Ludacris
432,2010,37,Like A G6,Far*East Movement Featuring Cataracs & Dev
433,2010,38,Carry Out,Timbaland Featuring Justin Timberlake
434,2010,39,Haven't Met You Yet,Michael Buble
435,2010,40,Club Can't Handle Me,Flo Rida Featuring David Guetta
436,2010,41,Down,Jay Sean Featuring Lil Wayne
437,2010,42,Bulletproof,La Roux
438,2010,43,Whatcha Say,Jason Derulo
439,2010,44,Baby,Justin Bieber Featuring Ludacris
440,2010,45,Whataya Want From Me,Adam Lambert
441,2010,46,Mine,Taylor Swift
442,2010,47,Only Girl (In The World),Rihanna
443,2010,48,Live Like We're Dying,Kris Allen
444,2010,49,Hard,Rihanna Featuring Jeezy
445,2010,50,Young Forever,Jay-Z + Mr. Hudson
446,2010,51,Blah Blah Blah,Ke$ha Featuring 3OH!3
447,2010,52,Bottoms Up,Trey Songz Featuring Nicki Minaj
448,2010,53,Do You Remember,Jay Sean Featuring Sean Paul & Lil Jon
449,2010,54,All The Right Moves,OneRepublic
450,2010,55,According To You,Orianthi
451,2010,56,My Chick Bad,Ludacris Featuring Nicki Minaj
452,2010,57,You Belong With Me,Taylor Swift
453,2010,58,Meet Me Halfway,The Black Eyed Peas
454,2010,59,Take It Off,Ke$ha
455,2010,60,Over,Drake
456,2010,61,Animal,Neon Trees
457,2010,62,Misery,Maroon 5
458,2010,63,Magic,B.o.B Featuring Rivers Cuomo
459,2010,64,Paparazzi,Lady Gaga
460,2010,65,Tie Me Down,New Boyz Featuring Ray J
461,2010,66,Your Love,Nicki Minaj
462,2010,67,Party In The U.S.A.,Miley Cyrus
463,2010,68,Deuces,Chris Brown Featuring Tyga & Kevin McCall
464,2010,69,3,Britney Spears
465,2010,70,Impossible,Shontelle
466,2010,71,Forever,"Drake Featuring Kanye West, Lil Wayne & Eminem"
467,2010,72,Two Is Better Than One,Boys Like Girls Featuring Taylor Swift
468,2010,73,My First Kiss,3OH!3 Featuring Ke$ha
469,2010,74,Already Gone,Kelly Clarkson
470,2010,75,Rock That Body,The Black Eyed Peas
471,2010,76,Secrets,OneRepublic
472,2010,77,Naturally,Selena Gomez & The Scene
473,2010,78,Un-Thinkable (I'm Ready),Alicia Keys
474,2010,79,All I Do Is Win,"DJ Khaled Featuring T-Pain, Ludacris, Snoop Dogg & Rick Ross"
475,2010,80,I Made It (Cash Money Heroes),"Kevin Rudolf Featuring Birdman, Jay Sean, & Lil Wayne"
476,2010,81,Stuck Like Glue,Sugarland
477,2010,82,Hey Daddy (Daddy's Home),Usher Featuring Plies
478,2010,83,There Goes My Baby,Usher
479,2010,84,Today Was A Fairytale,Taylor Swift
480,2010,85,Say Something,Timbaland Featuring Drake
481,2010,86,Sweet Dreams,Beyonce
482,2010,87,Use Somebody,Kings Of Leon
483,2010,88,Undo It,Carrie Underwood
484,2010,89,Eenie Meenie,Sean Kingston & Justin Bieber
485,2010,90,Right Above It,Lil Wayne Featuring Drake
486,2010,91,The House That Built Me,Miranda Lambert
487,2010,92,If I Die Young,The Band Perry
488,2010,93,The Only Exception,Paramore
489,2010,94,American Honey,Lady Antebellum
490,2010,95,King Of Anything,Sara Bareilles
491,2010,96,Life After You,Daughtry
492,2010,97,Smile,Uncle Kracker
493,2010,98,Teach Me How To Dougie,Cali Swag District
494,2010,99,Try Sleeping With A Broken Heart,Alicia Keys
495,2011,1,Rolling In The Deep,Adele
496,2011,2,Party Rock Anthem,LMFAO Featuring Lauren Bennett & GoonRock
497,2011,3,Firework,Katy Perry
498,2011,4,E.T.,Katy Perry Featuring Kanye West
499,2011,5,Give Me Everything,"Pitbull Featuring Ne-Yo, Afrojack & Nayer"
500,2011,6,Grenade,Bruno Mars
501,2011,8,Super Bass,Nicki Minaj
502,2011,9,Moves Like Jagger,Maroon 5 Featuring Christina Aguilera
503,2011,10,Just Can't Get Enough,The Black Eyed Peas
504,2011,11,On The Floor,Jennifer Lopez Featuring Pitbull
505,2011,12,S&M,Rihanna
506,2011,13,Pumped Up Kicks,Foster The People
507,2011,14,Last Friday Night (T.G.I.F.),Katy Perry
508,2011,15,Just The Way You Are,Bruno Mars
509,2011,16,Tonight (I'm Lovin' You),Enrique Iglesias Featuring Ludacris & DJ Frank E
510,2011,17,Raise Your Glass,P!nk
511,2011,18,Born This Way,Lady Gaga
512,2011,19,F**kin' Perfect,P!nk
513,2011,20,What's My Name?,Rihanna Featuring Drake
514,2011,21,Look At Me Now,Chris Brown Featuring Lil Wayne & Busta Rhymes
515,2011,22,Down On Me,Jeremih Featuring 50 Cent
516,2011,23,How To Love,Lil Wayne
517,2011,24,Someone Like You,Adele
518,2011,25,The Good Life,OneRepublic
519,2011,26,The Lazy Song,Bruno Mars
520,2011,27,Till The World Ends,Britney Spears
521,2011,28,The Show Goes On,Lupe Fiasco
522,2011,29,The Edge Of Glory,Lady Gaga
523,2011,30,We R Who We R,Ke$ha
524,2011,31,Black And Yellow,Wiz Khalifa
525,2011,32,Tonight Tonight,Hot Chelle Rae
526,2011,33,Blow,Ke$ha
527,2011,34,Lighters,Bad Meets Evil Featuring Bruno Mars
528,2011,35,If I Die Young,The Band Perry
529,2011,36,Stereo Hearts,Gym Class Heroes Featuring Adam Levine
530,2011,37,The Time (Dirty Bit),The Black Eyed Peas
531,2011,38,Coming Home,Diddy - Dirty Money Featuring Skylar Grey
532,2011,39,Hey Baby (Drop It To The Floor),Pitbull Featuring T-Pain
533,2011,40,Only Girl (In The World),Rihanna
534,2011,41,6 Foot 7 Foot,Lil Wayne Featuring Cory Gunz
535,2011,42,Just A Kiss,Lady Antebellum
536,2011,43,Dirt Road Anthem,Jason Aldean
537,2011,44,Dynamite,Taio Cruz
538,2011,45,No Hands,Waka Flocka Flame Featuring Roscoe Dash & Wale
539,2011,46,I Wanna Go,Britney Spears
540,2011,47,I'm On One,"DJ Khaled Featuring Drake, Rick Ross & Lil Wayne"
541,2011,48,You Make Me Feel...,Cobra Starship Featuring Sabi
542,2011,49,Yeah 3X,Chris Brown
543,2011,50,Moment 4 Life,Nicki Minaj Featuring Drake
544,2011,51,I Need A Doctor,Dr. Dre Featuring Eminem & Skylar Grey
545,2011,52,Just A Dream,Nelly
546,2011,53,Motivation,Kelly Rowland Featuring Lil Wayne
547,2011,54,Stereo Love,Edward Maya & Vika Jigulina
548,2011,55,Jar Of Hearts,Christina Perri
549,2011,56,Roll Up,Wiz Khalifa
550,2011,57,Sexy And I Know It,LMFAO
551,2011,58,Rocketeer,Far*East Movement Featuring Ryan Tedder
552,2011,59,All Of The Lights,Kanye West
553,2011,60,Hold It Against Me,Britney Spears
554,2011,61,More,Usher
555,2011,62,What The Hell,Avril Lavigne
556,2011,63,Written In The Stars,Tinie Tempah Featuring Eric Turner
557,2011,64,Bottoms Up,Trey Songz Featuring Nicki Minaj
558,2011,65,DJ Got Us Fallin' In Love,Usher Featuring Pitbull
559,2011,66,For The First Time,The Script
560,2011,67,Honey Bee,Blake Shelton
561,2011,68,Don't You Wanna Stay,Jason Aldean With Kelly Clarkson
562,2011,69,We Found Love,Rihanna Featuring Calvin Harris
563,2011,70,Pretty Girl Rock,Keri Hilson
564,2011,71,You And I,Lady Gaga
565,2011,72,Like A G6,Far*East Movement Featuring Cataracs & Dev
566,2011,73,Without You,David Guetta Featuring Usher
567,2011,74,Back To December,Taylor Swift
568,2011,75,Teenage Dream,Katy Perry
569,2011,76,Crazy Girl,Eli Young Band
570,2011,77,Cheers (Drink To That),Rihanna
571,2011,78,Who Says,Selena Gomez & The Scene
572,2011,79,Barefoot Blue Jean Night,Jake Owen
573,2011,80,Knee Deep,Zac Brown Band Featuring Jimmy Buffett
574,2011,81,Country Girl (Shake It For Me),Luke Bryan
575,2011,82,Remind Me,Brad Paisley Duet With Carrie Underwood
576,2011,83,In The Dark,Dev
577,2011,84,Backseat,New Boyz Featuring The Cataracs & Dev
578,2011,85,Headlines,Drake
579,2011,86,Best Thing I Never Had,Beyonce
580,2011,87,Don't Wanna Go Home,Jason Derulo
581,2011,88,Where Them Girls At,David Guetta Featuring Flo Rida & Nicki Minaj
582,2011,89,She Ain't You,Chris Brown
583,2011,90,Take A Back Road,Rodney Atkins
584,2011,91,Please Don't Go,Mike Posner
585,2011,92,Sure Thing,Miguel
586,2011,93,Price Tag,Jessie J Featuring B.o.B
587,2011,94,God Gave Me You,Blake Shelton
588,2011,95,She Will,Lil Wayne Featuring Drake
589,2011,96,Are You Gonna Kiss Me Or Not,Thompson Square
590,2011,97,Animal,Neon Trees
591,2011,98,You And Tequila,Kenny Chesney Featuring Grace Potter
592,2011,99,Colder Weather,Zac Brown Band
593,2011,100,My Last,Big Sean Featuring Chris Brown
594,2012,1,Somebody That I Used To Know,Gotye Featuring Kimbra
595,2012,2,Call Me Maybe,Carly Rae Jepsen
596,2012,3,We Are Young,fun. Featuring Janelle Monae
597,2012,4,Payphone,Maroon 5 Featuring Wiz Khalifa
598,2012,5,Lights,Ellie Goulding
599,2012,6,Glad You Came,The Wanted
600,2012,7,Stronger (What Doesn't Kill You),Kelly Clarkson
601,2012,8,We Found Love,Rihanna Featuring Calvin Harris
602,2012,9,Starships,Nicki Minaj
603,2012,10,What Makes You Beautiful,One Direction
604,2012,11,Wild Ones,Flo Rida Featuring Sia
605,2012,12,Set Fire To The Rain,Adele
606,2012,13,Sexy And I Know It,LMFAO
607,2012,14,Some Nights,fun.
608,2012,15,Wide Awake,Katy Perry
609,2012,16,Good Feeling,Flo Rida
610,2012,17,Whistle,Flo Rida
611,2012,18,One More Night,Maroon 5
612,2012,19,Drive By,Train
613,2012,20,The Motto,Drake Featuring Lil Wayne
614,2012,21,Where Have You Been,Rihanna
615,2012,22,Everybody Talks,Neon Trees
616,2012,23,Take Care,Drake Featuring Rihanna
617,2012,24,Titanium,David Guetta Featuring Sia
618,2012,25,I Won't Give Up,Jason Mraz
619,2012,26,It Will Rain,Bruno Mars
620,2012,27,Mercy,"Kanye West, Big Sean, Pusha T, 2 Chainz"
621,2012,28,Boyfriend,Justin Bieber
622,2012,29,Party Rock Anthem,LMFAO Featuring Lauren Bennett & GoonRock
623,2012,30,Too Close,Alex Clare
624,2012,31,Part Of Me,Katy Perry
625,2012,32,"Young, Wild & Free",Snoop Dogg & Wiz Khalifa Featuring Bruno Mars
626,2012,33,We Are Never Ever Getting Back Together,Taylor Swift
627,2012,34,As Long As You Love Me,Justin Bieber Featuring Big Sean
628,2012,35,Turn Me On,David Guetta Featuring Nicki Minaj
629,2012,36,Moves Like Jagger,Maroon 5 Featuring Christina Aguilera
630,2012,37,Blow Me (One Last Kiss),P!nk
631,2012,38,Good Time,Owl City & Carly Rae Jepsen
632,2012,39,Give Your Heart A Break,Demi Lovato
633,2012,40,Ni**as in Paris,Jay Z Kanye West
634,2012,41,The One That Got Away,Katy Perry
635,2012,42,Feel So Close,Calvin Harris
636,2012,43,Someone Like You,Adele
637,2012,44,Scream,Usher
638,2012,45,Rack City,Tyga
639,2012,46,Domino,Jessie J
640,2012,47,Gangnam Style,PSY
641,2012,48,International Love,Pitbull Featuring Chris Brown
642,2012,49,Home,Phillip Phillips
643,2012,50,Without You,David Guetta Featuring Usher
644,2012,51,Ass Back Home,Gym Class Heroes Featuring Neon Hitch
645,2012,52,Wanted,Hunter Hayes
646,2012,53,Drunk On You,Luke Bryan
647,2012,54,No Lie,2 Chainz Featuring Drake
648,2012,55,Want U Back,Cher Lloyd
649,2012,56,Don't Wake Me Up,Chris Brown
650,2012,57,Dance (A$$),Big Sean Featuring Nicki Minaj
651,2012,58,Springsteen,Eric Church
652,2012,59,Brokenhearted,Karmin
653,2012,60,Not Over You,Gavin DeGraw
654,2012,61,Stereo Hearts,Gym Class Heroes Featuring Adam Levine
655,2012,62,Back In Time,Pitbull
656,2012,63,Work Out,J. Cole
657,2012,64,Rumour Has It,Adele
658,2012,65,Let's Go,Calvin Harris Featuring Ne-Yo
659,2012,66,Good Girl,Carrie Underwood
660,2012,67,Pontoon,Little Big Town
661,2012,68,Ho Hey,The Lumineers
662,2012,69,Paradise,Coldplay
663,2012,70,Blown Away,Carrie Underwood
664,2012,71,Rolling In The Deep,Adele
665,2012,72,Climax,Usher
666,2012,73,"Work Hard, Play Hard",Wiz Khalifa
667,2012,74,Let Me Love You (Until You Learn To Love Yourself),Ne-Yo
668,2012,75,Pound The Alarm,Nicki Minaj
669,2012,76,Come Over,Kenny Chesney
670,2012,77,Heart Attack,Trey Songz
671,2012,78,Drank In My Cup,Kirko Bangz
672,2012,79,Birthday Cake,Rihanna Featuring Chris Brown
673,2012,80,So Good,B.o.B
674,2012,81,50 Ways To Say Goodbye,Train
675,2012,82,Red Solo Cup,Toby Keith
676,2012,83,Love You Like A Love Song,Selena Gomez & The Scene
677,2012,84,Turn Up The Music,Chris Brown
678,2012,85,Die Young,Ke$ha
679,2012,86,5 O'Clock,T-Pain Featuring Wiz Khalifa & Lily Allen
680,2012,87,A Thousand Years,Christina Perri
681,2012,88,Take A Little Ride,Jason Aldean
682,2012,89,You Da One,Rihanna
683,2012,90,We Run The Night,Havana Brown Featuring Pitbull
684,2012,91,It's Time,Imagine Dragons
685,2012,92,Cashin' Out,Ca$h Out
686,2012,93,I Don't Want This Night To End,Luke Bryan
687,2012,94,Diamonds,Rihanna
688,2012,95,Hard To Love,Lee Brice
689,2012,96,Somethin' 'Bout A Truck,Kip Moore
690,2012,97,Adorn,Miguel
691,2012,98,Fly Over States,Jason Aldean
692,2012,99,Even If It Breaks Your Heart,Eli Young Band
693,2013,1,Thrift Shop,Macklemore & Ryan Lewis Featuring Wanz
694,2013,2,Blurred Lines,Robin Thicke Featuring T.I. + Pharrell
695,2013,3,Radioactive,Imagine Dragons
696,2013,4,Harlem Shake,Baauer
697,2013,5,Can't Hold Us,Macklemore & Ryan Lewis Featuring Ray Dalton
698,2013,6,Mirrors,Justin Timberlake
699,2013,7,Just Give Me A Reason,P!nk Featuring Nate Ruess
700,2013,8,When I Was Your Man,Bruno Mars
701,2013,9,Cruise,Florida Georgia Line Featuring Nelly
702,2013,10,Roar,Katy Perry
703,2013,11,Locked Out Of Heaven,Bruno Mars
704,2013,12,Ho Hey,The Lumineers
705,2013,13,Stay,Rihanna Featuring Mikky Ekko
706,2013,14,Get Lucky,Daft Punk Featuring Pharrell Williams
707,2013,15,Royals,Lorde
708,2013,16,I Knew You Were Trouble.,Taylor Swift
709,2013,17,We Can't Stop,Miley Cyrus
710,2013,18,Wrecking Ball,Miley Cyrus
711,2013,19,Wake Me Up!,Avicii
712,2013,20,Suit & Tie,Justin Timberlake Featuring JAY Z
713,2013,21,Cups (Pitch Perfect's When I'm Gone),Anna Kendrick
714,2013,22,Holy Grail,Jay Z Featuring Justin Timberlake
715,2013,23,Scream & Shout,will.i.am & Britney Spears
716,2013,24,Clarity,Zedd Featuring Foxes
717,2013,25,Sail,AWOLNATION
718,2013,26,Don't You Worry Child,Swedish House Mafia Featuring John Martin
719,2013,27,Diamonds,Rihanna
720,2013,28,I Love It,Icona Pop Featuring Charli XCX
721,2013,29,Safe And Sound,Capital Cities
722,2013,30,Treasure,Bruno Mars
723,2013,31,The Way,Ariana Grande Featuring Mac Miller
724,2013,32,Started From The Bottom,Drake
725,2013,33,Come & Get It,Selena Gomez
726,2013,34,"Hold On, We're Going Home",Drake Featuring Majid Jordan
727,2013,35,Daylight,Maroon 5
728,2013,36,Feel This Moment,Pitbull Featuring Christina Aguilera
729,2013,37,Applause,Lady Gaga
730,2013,38,One More Night,Maroon 5
731,2013,39,Love Me,Lil Wayne Featuring Drake & Future
732,2013,40,My Songs Know What You Did In The Dark (Light Em Up),Fall Out Boy
733,2013,41,F**kin Problems,"A$AP Rocky Featuring Drake, 2 Chainz & Kendrick Lamar"
734,2013,42,Beauty And A Beat,Justin Bieber Featuring Nicki Minaj
735,2013,43,Same Love,Macklemore & Ryan Lewis Featuring Mary Lambert
736,2013,44,Sweet Nothing,Calvin Harris Featuring Florence Welch
737,2013,45,Summertime Sadness,Lana Del Rey vs. Cedric Gervais
738,2013,46,Home,Phillip Phillips
739,2013,47,It's Time,Imagine Dragons
740,2013,48,Power Trip,J. Cole Featuring Miguel
741,2013,49,Girl On Fire,Alicia Keys Featuring Nicki Minaj
742,2013,50,Heart Attack,Demi Lovato
743,2013,51,Love Somebody,Maroon 5
744,2013,52,I Will Wait,Mumford & Sons
745,2013,53,Try,P!nk
746,2013,54,Wagon Wheel,Darius Rucker
747,2013,55,Gangnam Style,PSY
748,2013,56,I Need Your Love,Calvin Harris Featuring Ellie Goulding
749,2013,57,Die Young,Ke$ha
750,2013,58,Some Nights,fun.
751,2013,59,Bad,Wale Featuring Tiara Thomas Or Rihanna
752,2013,60,Boys 'round Here,Blake Shelton Featuring Pistol Annies & Friends
753,2013,61,"Gone, Gone, Gone",Phillip Phillips
754,2013,62,Demons,Imagine Dragons
755,2013,63,Counting Stars,OneRepublic
756,2013,64,I Cry,Flo Rida
757,2013,65,Little Talks,Of Monsters And Men
758,2013,66,The Other Side,Jason Derulo
759,2013,67,Berzerk,Eminem
760,2013,68,Catch My Breath,Kelly Clarkson
761,2013,69,Crash My Party,Luke Bryan
762,2013,70,Pour It Up,Rihanna
763,2013,71,22,Taylor Swift
764,2013,72,I Want Crazy,Hunter Hayes
765,2013,73,The Fox,Ylvis
766,2013,74,Best Song Ever,One Direction
767,2013,75,The A Team,Ed Sheeran
768,2013,76,Carry On,fun.
769,2013,77,Highway Don't Care,Tim McGraw With Taylor Swift
770,2013,78,That's My Kind Of Night,Luke Bryan
771,2013,79,Swimming Pools (Drank),Kendrick Lamar
772,2013,80,Sure Be Cool If You Did,Blake Shelton
773,2013,81,#Beautiful,Mariah Carey Featuring Miguel
774,2013,82,Troublemaker,Olly Murs Featuring Flo Rida
775,2013,83,Body Party,Ciara
776,2013,84,Adorn,Miguel
777,2013,85,Hall Of Fame,The Script Featuring will.i.am
778,2013,86,Let Me Love You (Until You Learn To Love Yourself),Ne-Yo
779,2013,87,U.O.E.N.O.,Rocko Featuring Future & Rick Ross
780,2013,88,Next To Me,Emeli Sande
781,2013,89,Mama's Broken Heart,Miranda Lambert
782,2013,90,It Goes Like This,Thomas Rhett
783,2013,91,Bugatti,Ace Hood Featuring Future & Rick Ross
784,2013,92,Wanted,Hunter Hayes
785,2013,93,Downtown,Lady Antebellum
786,2013,94,Get Your Shine On,Florida Georgia Line
787,2013,95,#thatPOWER,will.i.am Featuring Justin Bieber
788,2013,96,Brave,Sara Bareilles
789,2013,97,Let Her Go,Passenger
790,2013,98,Runnin' Outta Moonlight,Randy Houser
791,2013,99,I'm Different,2 Chainz
792,2014,1,Happy,Pharrell Williams
793,2014,2,Dark Horse,Katy Perry Featuring Juicy J
794,2014,3,All Of Me,John Legend
795,2014,4,Fancy,Iggy Azalea Featuring Charli XCX
796,2014,5,Counting Stars,OneRepublic
797,2014,6,Talk Dirty,Jason Derulo Featuring 2 Chainz
798,2014,7,Rude,MAGIC!
799,2014,8,All About That Bass,Meghan Trainor
800,2014,9,Problem,Ariana Grande Featuring Iggy Azalea
801,2014,10,Stay With Me,Sam Smith
802,2014,11,Timber,Pitbull Featuring Ke$ha
803,2014,12,Pompeii,Bastille
804,2014,13,Shake It Off,Taylor Swift
805,2014,14,Am I Wrong,Nico & Vinz
806,2014,15,Turn Down For What,DJ Snake & Lil Jon
807,2014,16,The Monster,Eminem Featuring Rihanna
808,2014,17,Say Something,A Great Big World & Christina Aguilera
809,2014,18,Team,Lorde
810,2014,19,Let Her Go,Passenger
811,2014,20,Royals,Lorde
812,2014,21,Let It Go,Idina Menzel
813,2014,22,Wake Me Up!,Avicii
814,2014,23,Demons,Imagine Dragons
815,2014,24,Story Of My Life,One Direction
816,2014,25,Chandelier,Sia
817,2014,26,Black Widow,Iggy Azalea Featuring Rita Ora
818,2014,27,Bang Bang,"Jessie J, Ariana Grande & Nicki Minaj"
819,2014,28,Latch,Disclosure Featuring Sam Smith
820,2014,29,Maps,Maroon 5
821,2014,30,Loyal,Chris Brown Featuring Lil Wayne & French Montana Or Too $hort Or Tyga
822,2014,31,Best Day Of My Life,American Authors
823,2014,32,Habits (Stay High),Tove Lo
824,2014,33,Summer,Calvin Harris
825,2014,34,Boom Clap,Charli XCX
826,2014,35,Drunk In Love,Beyonce Featuring Jay Z
827,2014,36,Anaconda,Nicki Minaj
828,2014,37,Break Free,Ariana Grande Featuring Zedd
829,2014,38,Bailando,Enrique Iglesias Featuring Descemer Bueno & Gente de Zona
830,2014,39,Burn,Ellie Goulding
831,2014,40,Wiggle,Jason Derulo Featuring Snoop Dogg
832,2014,41,Rather Be,Clean Bandit Featuring Jess Glynne
833,2014,42,Don't Tell 'Em,Jeremih Featuring YG
834,2014,43,Show Me,Kid Ink Featuring Chris Brown
835,2014,44,Wrecking Ball,Miley Cyrus
836,2014,45,Not A Bad Thing,Justin Timberlake
837,2014,46,Roar,Katy Perry
838,2014,47,Ain't It Fun,Paramore
839,2014,48,The Man,Aloe Blacc
840,2014,49,This Is How We Roll,Florida Georgia Line Featuring Luke Bryan
841,2014,50,Classic,MKTO
842,2014,51,A Sky Full Of Stars,Coldplay
843,2014,52,Don't,Ed Sheeran
844,2014,53,Na Na,Trey Songz
845,2014,54,Hot Boy,Bobby Shmurda
846,2014,55,"Hold On, We're Going Home",Drake Featuring Majid Jordan
847,2014,56,Sing,Ed Sheeran
848,2014,57,Radioactive,Imagine Dragons
849,2014,58,My Hitta,YG Featuring Jeezy & Rich Homie Quan
850,2014,59,Cool Kids,Echosmith
851,2014,60,Hey Brother,Avicii
852,2014,61,Trumpets,Jason Derulo
853,2014,62,Animals,Maroon 5
854,2014,63,Burnin' It Down,Jason Aldean
855,2014,64,Play It Again,Luke Bryan
856,2014,65,2 On,Tinashe Featuring ScHoolboy Q
857,2014,66,Dirt,Florida Georgia Line
858,2014,67,Love Runs Out,OneRepublic
859,2014,68,Bottoms Up,Brantley Gilbert
860,2014,69,Shower,Becky G
861,2014,70,Me And My Broken Heart,Rixton
862,2014,71,Animals,Martin Garrix
863,2014,72,Lifestyle,Rich Gang Featuring Young Thug & Rich Homie Quan
864,2014,73,American Kids,Kenny Chesney
865,2014,74,Brave,Sara Bareilles
866,2014,75,Sweater Weather,The Neighbourhood
867,2014,76,Leave The Night On,Sam Hunt
868,2014,77,New Flame,Chris Brown Featuring Usher & Rick Ross
869,2014,78,Love Never Felt So Good,Michael Jackson & Justin Timberlake
870,2014,79,Drunk On A Plane,Dierks Bentley
871,2014,80,Birthday,Katy Perry
872,2014,81,Bartender,Lady Antebellum
873,2014,82,La La La,Naughty Boy Featuring Sam Smith
874,2014,83,Blurred Lines,Robin Thicke Featuring T.I. + Pharrell
875,2014,84,Do What U Want,Lady Gaga Featuring R. Kelly
876,2014,85,Can't Remember To Forget You,Shakira Featuring Rihanna
877,2014,86,Amnesia,5 Seconds Of Summer
878,2014,87,No Mediocre,T.I. Featuring Iggy Azalea
879,2014,88,Come With Me Now,KONGOS
880,2014,89,Believe Me,Lil Wayne Featuring Drake
881,2014,90,23,"Mike WiLL Made-It Featuring Miley Cyrus, Wiz Khalifa & Juicy J"
882,2014,91,Beachin',Jake Owen
883,2014,92,White Walls,Macklemore & Ryan Lewis Featuring ScHoolboy Q & Hollis
884,2014,93,She Looks So Perfect,5 Seconds Of Summer
885,2014,94,Stay The Night,Zedd Featuring Hayley Williams
886,2014,95,Partition,Beyonce
887,2014,96,Studio,ScHoolboy Q Featuring BJ The Chicago Kid
888,2014,97,0 To 100 / The Catch Up,Drake
889,2014,98,I Don't Dance,Lee Brice
890,2014,99,Somethin' Bad,Miranda Lambert Duet With Carrie Underwood
891,2015,1,Uptown Funk!,Mark Ronson Featuring Bruno Mars
892,2015,2,Thinking Out Loud,Ed Sheeran
893,2015,3,See You Again,Wiz Khalifa Featuring Charlie Puth
894,2015,4,Trap Queen,Fetty Wap
895,2015,5,Sugar,Maroon 5
896,2015,6,Shut Up And Dance,WALK THE MOON
897,2015,7,Blank Space,Taylor Swift
898,2015,8,Watch Me,Silento
899,2015,9,Earned It (Fifty Shades Of Grey),The Weeknd
900,2015,10,The Hills,The Weeknd
901,2015,11,Cheerleader,OMI
902,2015,12,Can't Feel My Face,The Weeknd
903,2015,13,Love Me Like You Do,Ellie Goulding
904,2015,14,Take Me To Church,Hozier
905,2015,15,Bad Blood,Taylor Swift Featuring Kendrick Lamar
906,2015,16,Lean On,Major Lazer X DJ Snake Featuring MO
907,2015,17,Want To Want Me,Jason Derulo
908,2015,18,Shake It Off,Taylor Swift
909,2015,19,Where Are U Now,Skrillex & Diplo With Justin Bieber
910,2015,20,Fight Song,Rachel Platten
911,2015,21,679,Fetty Wap Featuring Remy Boyz
912,2015,22,Lips Are Movin,Meghan Trainor
913,2015,23,Worth It,Fifth Harmony Featuring Kid Ink
914,2015,24,Post To Be,Omarion Featuring Chris Brown & Jhene Aiko
915,2015,25,"Honey, I'm Good.",Andy Grammer
916,2015,26,I'm Not The Only One,Sam Smith
917,2015,27,Good For You,Selena Gomez Featuring A$AP Rocky
918,2015,28,All About That Bass,Meghan Trainor
919,2015,29,Style,Taylor Swift
920,2015,30,Hotline Bling,Drake
921,2015,31,Hey Mama,"David Guetta Featuring Nicki Minaj, Bebe Rexha & Afrojack"
922,2015,32,G.D.F.R.,Flo Rida Featuring Sage The Gemini & Lookas
923,2015,33,What Do You Mean?,Justin Bieber
924,2015,34,Photograph,Ed Sheeran
925,2015,35,Hello,Adele
926,2015,36,Stitches,Shawn Mendes
927,2015,37,Talking Body,Tove Lo
928,2015,38,Jealous,Nick Jonas
929,2015,39,Time Of Our Lives,Pitbull & Ne-Yo
930,2015,40,Locked Away,R. City Featuring Adam Levine
931,2015,41,Somebody,Natalie La Rose Featuring Jeremih
932,2015,42,FourFiveSeconds,Rihanna & Kanye West & Paul McCartney
933,2015,43,Centuries,Fall Out Boy
934,2015,44,My Way,Fetty Wap Featuring Monty
935,2015,45,Take Your Time,Sam Hunt
936,2015,46,Animals,Maroon 5
937,2015,47,I Don't F**k With You,Big Sean Featuring E-40
938,2015,48,B**** Better Have My Money,Rihanna
939,2015,49,Flex (Ooh Ooh Ooh),Rich Homie Quan
940,2015,50,Nasty Freestyle,T-Wayne
941,2015,51,Only,"Nicki Minaj Featuring Drake, Lil Wayne & Chris Brown"
942,2015,52,Elastic Heart,Sia
943,2015,53,Cool For The Summer,Demi Lovato
944,2015,54,Renegades,X Ambassadors
945,2015,55,I Don't Mind,Usher Featuring Juicy J
946,2015,56,Love Me Harder,Ariana Grande & The Weeknd
947,2015,57,Wildest Dreams,Taylor Swift
948,2015,58,Stay With Me,Sam Smith
949,2015,59,You Know You Like It,DJ Snake & AlunaGeorge
950,2015,60,Uma Thurman,Fall Out Boy
951,2015,61,7/11,Beyonce
952,2015,62,The Heart Wants What It Wants,Selena Gomez
953,2015,63,Girl Crush,Little Big Town
954,2015,64,Slow Motion,Trey Songz
955,2015,65,Drag Me Down,One Direction
956,2015,66,Truffle Butter,Nicki Minaj Featuring Drake & Lil Wayne
957,2015,67,One Last Time,Ariana Grande
958,2015,68,Chains,Nick Jonas
959,2015,69,All Eyes On You,Meek Mill Featuring Chris Brown & Nicki Minaj
960,2015,70,No Type,Rae Sremmurd
961,2015,71,Riptide,Vance Joy
962,2015,72,Classic Man,Jidenna Featuring Roman GianArthur
963,2015,73,Ex's & Oh's,Elle King
964,2015,74,Dear Future Husband,Meghan Trainor
965,2015,75,Marvin Gaye,Charlie Puth Featuring Meghan Trainor
966,2015,76,Like I'm Gonna Lose You,Meghan Trainor Featuring John Legend
967,2015,77,Habits (Stay High),Tove Lo
968,2015,78,The Hanging Tree,James Newton Howard Featuring Jennifer Lawrence
969,2015,79,CoCo,O.T. Genasis
970,2015,80,Bang Bang,"Jessie J, Ariana Grande & Nicki Minaj"
971,2015,81,Lay Me Down,Sam Smith
972,2015,82,Tuesday,I LOVE MAKONNEN Featuring Drake
973,2015,83,Hit The Quan,iLoveMemphis
974,2015,84,Downtown,"Macklemore & Ryan Lewis Featuring Eric Nally, Melle Mel, Kool Moe Dee & Grandmaster Caz"
975,2015,85,House Party,Sam Hunt
976,2015,86,Ayo,Chris Brown & Tyga
977,2015,87,Kick The Dust Up,Luke Bryan
978,2015,88,Blessings,Big Sean Featuring Drake
979,2015,89,Budapest,George Ezra
980,2015,90,Chandelier,Sia
981,2015,91,Heartbeat Song,Kelly Clarkson
982,2015,92,Don't,Ed Sheeran
983,2015,93,Ghost,Ella Henderson
984,2015,94,Here,Alessia Cara
985,2015,95,Waves,Mr. Probz
986,2015,96,El Perdon (Forgiveness),Nicky Jam & Enrique Iglesias
987,2015,97,She Knows,Ne-Yo Featuring Juicy J
988,2015,98,Night Changes,One Direction
989,2015,99,Back To Back,Drake
990,2016,1,Love Yourself,Justin Bieber
991,2016,2,Sorry,Justin Bieber
992,2016,3,One Dance,Drake Featuring WizKid & Kyla
993,2016,4,Work,Rihanna Featuring Drake
994,2016,5,Stressed Out,twenty one pilots
995,2016,6,Panda,Desiigner
996,2016,7,Hello,Adele
997,2016,8,Don't Let Me Down,The Chainsmokers Featuring Daya
998,2016,9,Can't Stop The Feeling!,Justin Timberlake
999,2016,10,Closer,The Chainsmokers Featuring Halsey
1000,2016,11,Cheap Thrills,Sia Featuring Sean Paul
1001,2016,12,7 Years,Lukas Graham
1002,2016,13,Needed Me,Rihanna
1003,2016,14,My House,Flo Rida
1004,2016,15,I Took A Pill In Ibiza,Mike Posner
1005,2016,16,Work From Home,Fifth Harmony Featuring Ty Dolla $ign
1006,2016,17,This Is What You Came For,Calvin Harris Featuring Rihanna
1007,2016,18,Cake By The Ocean,DNCE
1008,2016,19,"Me, Myself & I",G-Eazy x Bebe Rexha
1009,2016,20,Ride,twenty one pilots
1010,2016,21,Heathens,twenty one pilots
1011,2016,22,Pillowtalk,Zayn
1012,2016,23,Stitches,Shawn Mendes
1013,2016,24,Hotline Bling,Drake
1014,2016,25,Cold Water,Major Lazer Featuring Justin Bieber & MO
1015,2016,26,Send My Love (To Your New Lover),Adele
1016,2016,27,Roses,The Chainsmokers Featuring Rozes
1017,2016,28,Treat You Better,Shawn Mendes
1018,2016,29,Too Good,Drake Featuring Rihanna
1019,2016,30,Low Life,Future Featuring The Weeknd
1020,2016,31,What Do You Mean?,Justin Bieber
1021,2016,32,The Hills,The Weeknd
1022,2016,33,Just Like Fire,P!nk
1023,2016,34,Broccoli,D.R.A.M. Featuring Lil Yachty
1024,2016,35,Don't,Bryson Tiller
1025,2016,36,Dangerous Woman,Ariana Grande
1026,2016,37,Jumpman,Drake & Future
1027,2016,38,I Hate U I Love U,gnash Featuring Olivia O'Brien
1028,2016,39,Here,Alessia Cara
1029,2016,40,Same Old Love,Selena Gomez
1030,2016,41,Controlla,Drake
1031,2016,42,Like I'm Gonna Lose You,Meghan Trainor Featuring John Legend
1032,2016,43,One Call Away,Charlie Puth
1033,2016,44,Let It Go,James Bay
1034,2016,45,No,Meghan Trainor
1035,2016,46,Never Forget You,Zara Larsson & MNEK
1036,2016,47,Let Me Love You,DJ Snake Featuring Justin Bieber
1037,2016,48,Don't Mind,Kent Jones
1038,2016,49,H.O.L.Y.,Florida Georgia Line
1039,2016,50,We Don't Talk Anymore,Charlie Puth Featuring Selena Gomez
1040,2016,51,Into You,Ariana Grande
1041,2016,52,Gold,Kiiara
1042,2016,53,Exchange,Bryson Tiller
1043,2016,54,679,Fetty Wap Featuring Remy Boyz
1044,2016,55,Oui,Jeremih
1045,2016,56,Hands To Myself,Selena Gomez
1046,2016,57,2 Phones,Kevin Gates
1047,2016,58,Starboy,The Weeknd Featuring Daft Punk
1048,2016,59,For Free,DJ Khaled Featuring Drake
1049,2016,60,Never Be Like You,Flume Featuring Kai
1050,2016,61,In The Night,The Weeknd
1051,2016,62,Me Too,Meghan Trainor
1052,2016,63,Ex's & Oh's,Elle King
1053,2016,64,Die A Happy Man,Thomas Rhett
1054,2016,65,White Iverson,Post Malone
1055,2016,66,Close,Nick Jonas Featuring Tove Lo
1056,2016,67,Unsteady,X Ambassadors
1057,2016,68,Sucker For Pain,"Lil Wayne, Wiz Khalifa & Imagine Dragons With Logic & Ty Dolla $ign Feat. X Ambassadors"
1058,2016,69,Down In The DM,Yo Gotti Featuring Nicki Minaj
1059,2016,70,Luv,Tory Lanez
1060,2016,71,Sorry,Beyonce
1061,2016,72,Can't Feel My Face,The Weeknd
1062,2016,73,Hymn For The Weekend,Coldplay
1063,2016,74,Say It,Tory Lanez
1064,2016,75,Antidote,Travis Scott
1065,2016,76,Lost Boy,Ruth B
1066,2016,77,Side To Side,Ariana Grande Featuring Nicki Minaj
1067,2016,78,"Sit Still, Look Pretty",Daya
1068,2016,79,Wildest Dreams,Taylor Swift
1069,2016,80,Middle,DJ Snake Featuring Bipolar Sunshine
1070,2016,81,On My Mind,Ellie Goulding
1071,2016,82,Pop Style,Drake Featuring The Throne
1072,2016,83,When We Were Young,Adele
1073,2016,84,Hide Away,Daya
1074,2016,85,Lean On,Major Lazer X DJ Snake Featuring MO
1075,2016,86,I Know What You Did Last Summer,Shawn Mendes & Camila Cabello
1076,2016,88,Watch Me,Silento
1077,2016,89,Back To Sleep,Chris Brown
1078,2016,90,No Limit,Usher Featuring Young Thug
1079,2016,91,Cut It,O.T. Genasis Featuring Young Dolph
1080,2016,92,Really Really,Kevin Gates
1081,2016,93,All In My Head (Flex),Fifth Harmony Featuring Fetty Wap
1082,2016,94,Starving,Hailee Steinfeld & Grey Featuring Zedd
1083,2016,95,Adventure Of A Lifetime,Coldplay
1084,2016,96,Humble And Kind,Tim McGraw
1085,2016,97,Wicked,Future
1086,2016,98,Tiimmy Turner,Desiigner
1087,2016,99,See You Again,Wiz Khalifa Featuring Charlie Puth
1088,2016,100,Perfect,One Direction
1089,2017,1,Shape Of You,Ed Sheeran
1090,2017,2,Despacito,Luis Fonsi & Daddy Yankee Featuring Justin Bieber
1091,2017,3,That's What I Like,Bruno Mars
1092,2017,4,Humble.,Kendrick Lamar
1093,2017,5,Something Just Like This,The Chainsmokers & Coldplay
1094,2017,6,Bad And Boujee,Migos Featuring Lil Uzi Vert
1095,2017,7,Closer,The Chainsmokers Featuring Halsey
1096,2017,8,Body Like A Back Road,Sam Hunt
1097,2017,9,Believer,Imagine Dragons
1098,2017,10,Congratulations,Post Malone Featuring Quavo
1099,2017,11,Say You Won't Let Go,James Arthur
1100,2017,12,I'm The One,"DJ Khaled Featuring Justin Bieber, Quavo, Chance The Rapper & Lil Wayne"
1101,2017,13,XO TOUR Llif3,Lil Uzi Vert
1102,2017,14,Mask Off,Future
1103,2017,15,Unforgettable,French Montana Featuring Swae Lee
1104,2017,16,24K Magic,Bruno Mars
1105,2017,17,Stay,Zedd & Alessia Cara
1106,2017,18,Wild Thoughts,DJ Khaled Featuring Rihanna & Bryson Tiller
1107,2017,19,Black Beatles,Rae Sremmurd Featuring Gucci Mane
1108,2017,20,Starboy,The Weeknd Featuring Daft Punk
1109,2017,21,Location,Khalid
1110,2017,22,Attention,Charlie Puth
1111,2017,23,There's Nothing Holdin' Me Back,Shawn Mendes
1112,2017,24,Bodak Yellow (Money Moves),Cardi B
1113,2017,25,Redbone,Childish Gambino
1114,2017,26,I Don't Wanna Live Forever (Fifty Shades Darker),Zayn / Taylor Swift
1115,2017,27,It Ain't Me,Kygo x Selena Gomez
1116,2017,28,iSpy,KYLE Featuring Lil Yachty
1117,2017,29,Issues,Julia Michaels
1118,2017,30,Scars To Your Beautiful,Alessia Cara
1119,2017,31,1-800-273-8255,Logic Featuring Alessia Cara & Khalid
1120,2017,32,Slow Hands,Niall Horan
1121,2017,33,Love On The Brain,Rihanna
1122,2017,34,I Feel It Coming,The Weeknd Featuring Daft Punk
1123,2017,35,Bounce Back,Big Sean
1124,2017,36,Strip That Down,Liam Payne Featuring Quavo
1125,2017,37,Fake Love,Drake
1126,2017,38,Don't Wanna Know,Maroon 5 Featuring Kendrick Lamar
1127,2017,39,Look What You Made Me Do,Taylor Swift
1128,2017,40,Castle On The Hill,Ed Sheeran
1129,2017,41,Bad Things,Machine Gun Kelly x Camila Cabello
1130,2017,42,Paris,The Chainsmokers
1131,2017,43,Side To Side,Ariana Grande Featuring Nicki Minaj
1132,2017,44,Rockabye,Clean Bandit Featuring Sean Paul & Anne-Marie
1133,2017,45,Feel It Still,Portugal. The Man
1134,2017,46,Let Me Love You,DJ Snake Featuring Justin Bieber
1135,2017,47,Sorry Not Sorry,Demi Lovato
1136,2017,48,Bank Account,21 Savage
1137,2017,49,Can't Stop The Feeling!,Justin Timberlake
1138,2017,50,Mi Gente,J Balvin & Willy William Featuring Beyonce
1139,2017,51,Thunder,Imagine Dragons
1140,2017,52,T-Shirt,Migos
1141,2017,53,Rake It Up,Yo Gotti Featuring Nicki Minaj
1142,2017,54,Mercy,Shawn Mendes
1143,2017,55,Tunnel Vision,Kodak Black
1144,2017,56,Rockstar,Post Malone Featuring 21 Savage
1145,2017,57,In Case You Didn't Know,Brett Young
1146,2017,58,Heathens,twenty one pilots
1147,2017,59,Now Or Never,Halsey
1148,2017,60,Caroline,Amine
1149,2017,61,Rolex,Ayo & Teo
1150,2017,62,DNA.,Kendrick Lamar
1151,2017,63,Juju On That Beat (TZ Anthem),Zay Hilfigerrr & Zayion McCall
1152,2017,64,Swang,Rae Sremmurd
1153,2017,65,Passionfruit,Drake
1154,2017,66,Loyalty.,Kendrick Lamar Featuring Rihanna
1155,2017,67,Praying,Kesha
1156,2017,68,Goosebumps,Travis Scott
1157,2017,69,Cold,Maroon 5 Featuring Future
1158,2017,70,Broccoli,D.R.A.M. Featuring Lil Yachty
1159,2017,71,Slide,Calvin Harris Featuring Frank Ocean & Migos
1160,2017,72,What Ifs,Kane Brown Featuring Lauren Alaina
1161,2017,73,Chained To The Rhythm,Katy Perry Featuring Skip Marley
1162,2017,74,Feels,"Calvin Harris Featuring Pharrell Williams, Katy Perry & Big Sean"
1163,2017,75,All Time Low,Jon Bellion
1164,2017,76,Hurricane,Luke Combs
1165,2017,77,Too Good At Goodbyes,Sam Smith
1166,2017,78,Young Dumb & Broke,Khalid
1167,2017,79,Magnolia,Playboi Carti
1168,2017,80,Love Galore,SZA Featuring Travis Scott
1169,2017,81,Drowning,A Boogie Wit da Hoodie Featuring Kodak Black
1170,2017,82,Starving,Hailee Steinfeld & Grey Featuring Zedd
1171,2017,83,Both,Gucci Mane Featuring Drake
1172,2017,84,What About Us,P!nk
1173,2017,85,Swalla,Jason Derulo Featuring Nicki Minaj & Ty Dolla $ign
1174,2017,86,Slippery,Migos Featuring Gucci Mane
1175,2017,87,Sign Of The Times,Harry Styles
1176,2017,88,Water Under The Bridge,Adele
1177,2017,89,Malibu,Miley Cyrus
1178,2017,90,Down,Marian Hill
1179,2017,91,No Promises,Cheat Codes Featuring Demi Lovato
1180,2017,92,Treat You Better,Shawn Mendes
1181,2017,93,I Get The Bag,Gucci Mane Featuring Migos
1182,2017,94,Small Town Boy,Dustin Lynch
1183,2017,95,Everyday We Lit,YFN Lucci Featuring PnB Rock
1184,2017,96,Havana,Camila Cabello Featuring Young Thug
1185,2017,97,What Lovers Do,Maroon 5 Featuring SZA
1186,2017,98,Do Re Mi,blackbear
1187,2017,99,Look At Me!,XXXTENTACION
1188,2018,1,God's Plan,Drake
1189,2018,2,Perfect,Ed Sheeran
1190,2018,3,Meant To Be,Bebe Rexha & Florida Georgia Line
1191,2018,4,Havana,Camila Cabello Featuring Young Thug
1192,2018,5,Rockstar,Post Malone Featuring 21 Savage
1193,2018,6,Psycho,Post Malone Featuring Ty Dolla $ign
1194,2018,7,I Like It,"Cardi B, Bad Bunny & J Balvin"
1195,2018,8,The Middle,"Zedd, Maren Morris & Grey"
1196,2018,9,In My Feelings,Drake
1197,2018,10,Girls Like You,Maroon 5 Featuring Cardi B
1198,2018,11,Nice For What,Drake
1199,2018,12,Lucid Dreams,Juice WRLD
1200,2018,13,Better Now,Post Malone
1201,2018,14,Finesse,Bruno Mars & Cardi B
1202,2018,15,Boo'd Up,Ella Mai
1203,2018,16,New Rules,Dua Lipa
1204,2018,17,Sad!,XXXTENTACION
1205,2018,18,Never Be The Same,Camila Cabello
1206,2018,19,Love Lies,Khalid & Normani
1207,2018,20,No Tears Left To Cry,Ariana Grande
1208,2018,21,Mine,Bazzi
1209,2018,22,Thunder,Imagine Dragons
1210,2018,23,Look Alive,BlocBoy JB Featuring Drake
1211,2018,24,Delicate,Taylor Swift
1212,2018,25,Yes Indeed,Lil Baby & Drake
1213,2018,26,Friends,Marshmello & Anne-Marie
1214,2018,27,Bad At Love,Halsey
1215,2018,28,Taste,Tyga Featuring Offset
1216,2018,29,Let You Down,NF
1217,2018,30,No Limit,G-Eazy Featuring A$AP Rocky & Cardi B
1218,2018,31,FEFE,6ix9ine Featuring Nicki Minaj & Murda Beatz
1219,2018,32,Tequila,Dan + Shay
1220,2018,33,Feel It Still,Portugal. The Man
1221,2018,34,MotorSport,"Migos, Nicki Minaj & Cardi B"
1222,2018,35,I Like Me Better,Lauv
1223,2018,36,Youngblood,5 Seconds Of Summer
1224,2018,37,Whatever It Takes,Imagine Dragons
1225,2018,38,Ric Flair Drip,Offset & Metro Boomin
1226,2018,39,I Fall Apart,Post Malone
1227,2018,40,Pray For Me,The Weeknd & Kendrick Lamar
1228,2018,41,Back To You,Selena Gomez
1229,2018,42,Sicko Mode,Travis Scott
1230,2018,43,Walk It Talk It,Migos Featuring Drake
1231,2018,44,Gucci Gang,Lil Pump
1232,2018,45,Him & I,G-Eazy & Halsey
1233,2018,46,In My Blood,Shawn Mendes
1234,2018,47,All The Stars,Kendrick Lamar & SZA
1235,2018,48,Stir Fry,Migos
1236,2018,49,Too Good At Goodbyes,Sam Smith
1237,2018,50,Love.,Kendrick Lamar Featuring Zacari
1238,2018,51,This Is America,Childish Gambino
1239,2018,52,Nonstop,Drake
1240,2018,53,Heaven,Kane Brown
1241,2018,54,Bodak Yellow (Money Moves),Cardi B
1242,2018,55,Freaky Friday,Lil Dicky Featuring Chris Brown
1243,2018,56,Gummo,6ix9ine
1244,2018,57,Plug Walk,Rich The Kid
1245,2018,58,Wait,Maroon 5
1246,2018,59,Be Careful,Cardi B
1247,2018,60,Wolves,Selena Gomez X Marshmello
1248,2018,61,Bartier Cardi,Cardi B Featuring 21 Savage
1249,2018,62,God Is A Woman,Ariana Grande
1250,2018,63,Big Bank,"YG Featuring 2 Chainz, Big Sean & Nicki Minaj"
1251,2018,64,Sorry Not Sorry,Demi Lovato
1252,2018,65,How Long,Charlie Puth
1253,2018,66,Lights Down Low,MAX Featuring gnash
1254,2018,67,Young Dumb & Broke,Khalid
1255,2018,68,One Kiss,Calvin Harris & Dua Lipa
1256,2018,69,Natural,Imagine Dragons
1257,2018,70,You Make It Easy,Jason Aldean
1258,2018,71,Shape Of You,Ed Sheeran
1259,2018,72,I Get The Bag,Gucci Mane Featuring Migos
1260,2018,73,No Brainer,"DJ Khaled Featuring Justin Bieber, Chance The Rapper & Quavo"
1261,2018,74,Plain Jane,A$AP Ferg Featuring Nicki Minaj
1262,2018,75,Sky Walker,Miguel Featuring Travis Scott
1263,2018,76,Marry Me,Thomas Rhett
1264,2018,77,Eastside,"benny blanco, Halsey & Khalid"
1265,2018,78,Call Out My Name,The Weeknd
1266,2018,79,King's Dead,"Jay Rock, Kendrick Lamar, Future & James Blake"
1267,2018,80,Happier,Marshmello & Bastille
1268,2018,81,Te Bote,"Casper Magico, Nio Garcia, Darell, Nicky Jam, Ozuna & Bad Bunny"
1269,2018,82,Simple,Florida Georgia Line
1270,2018,83,Lemon,N*E*R*D & Rihanna
1271,2018,84,1-800-273-8255,Logic Featuring Alessia Cara & Khalid
1272,2018,85,Say Something,Justin Timberlake Featuring Chris Stapleton
1273,2018,86,I'm Upset,Drake
1274,2018,87,Get Along,Kenny Chesney
1275,2018,88,Moonlight,XXXTENTACION
1276,2018,89,What Lovers Do,Maroon 5 Featuring SZA
1277,2018,90,X,Nicky Jam x J Balvin
1278,2018,91,Outside Today,YoungBoy Never Broke Again
1279,2018,92,Trip,Ella Mai
1280,2018,93,Dura,Daddy Yankee
1281,2018,94,Changes,XXXTENTACION
1282,2018,95,Mercy,Brett Young
1283,2018,96,One Number Away,Luke Combs
1284,2018,97,Powerglide,Rae Sremmurd & Juicy J
1285,2018,98,IDGAF,Dua Lipa
1286,2018,99,Mi Gente,J Balvin & Willy William Featuring Beyonce
1287,2019,1,Old Town Road,Lil Nas X Featuring Billy Ray Cyrus
1288,2019,2,Sunflower (Spider-Man: Into The Spider-Verse),Post Malone & Swae Lee
1289,2019,3,Without Me,Halsey
1290,2019,4,Bad Guy,Billie Eilish
1291,2019,5,Wow.,Post Malone
1292,2019,6,Happier,Marshmello & Bastille
1293,2019,7,7 Rings,Ariana Grande
1294,2019,8,Talk,Khalid
1295,2019,9,Sicko Mode,Travis Scott
1296,2019,10,Sucker,Jonas Brothers
1297,2019,11,High Hopes,Panic! At The Disco
1298,2019,12,"Thank U, Next",Ariana Grande
1299,2019,13,Truth Hurts,Lizzo
1300,2019,14,Dancing With A Stranger,Sam Smith & Normani
1301,2019,15,Senorita,Shawn Mendes & Camila Cabello
1302,2019,16,I Don't Care,Ed Sheeran & Justin Bieber
1303,2019,17,Eastside,"benny blanco, Halsey & Khalid"
1304,2019,18,Going Bad,Meek Mill Featuring Drake
1305,2019,19,Shallow,Lady Gaga & Bradley Cooper
1306,2019,20,Better,Khalid
1307,2019,21,No Guidance,Chris Brown Featuring Drake
1308,2019,22,Girls Like You,Maroon 5 Featuring Cardi B
1309,2019,23,Sweet But Psycho,Ava Max
1310,2019,24,Suge,DaBaby
1311,2019,25,Middle Child,J. Cole
1312,2019,26,Drip Too Hard,Lil Baby & Gunna
1313,2019,27,Someone You Loved,Lewis Capaldi
1314,2019,28,Ran$om,Lil Tecca
1315,2019,29,If I Can't Have You,Shawn Mendes
1316,2019,30,Goodbyes,Post Malone Featuring Young Thug
1317,2019,31,ZEZE,Kodak Black Featuring Travis Scott & Offset
1318,2019,32,Better Now,Post Malone
1319,2019,33,Youngblood,5 Seconds Of Summer
1320,2019,34,Money In The Grave,Drake Featuring Rick Ross
1321,2019,35,Speechless,Dan + Shay
1322,2019,36,"Break Up With Your Girlfriend, I'm Bored",Ariana Grande
1323,2019,37,Please Me,Cardi B & Bruno Mars
1324,2019,38,Money,Cardi B
1325,2019,39,You Need To Calm Down,Taylor Swift
1326,2019,40,Panini,Lil Nas X
1327,2019,41,Look Back At It,A Boogie Wit da Hoodie
1328,2019,42,A Lot,21 Savage
1329,2019,43,ME!,Taylor Swift Featuring Brendon Urie
1330,2019,44,MIA,Bad Bunny Featuring Drake
1331,2019,45,Pop Out,Polo G Featuring Lil Tjay
1332,2019,46,Beautiful Crazy,Luke Combs
1333,2019,47,Thotiana,Blueface
1334,2019,48,Lucid Dreams,Juice WRLD
1335,2019,49,Mo Bamba,Sheck Wes
1336,2019,50,Beautiful People,Ed Sheeran Featuring Khalid
1337,2019,51,Wake Up In The Sky,Gucci Mane X Bruno Mars X Kodak Black
1338,2019,52,Whiskey Glasses,Morgan Wallen
1339,2019,53,God's Country,Blake Shelton
1340,2019,54,Be Alright,Dean Lewis
1341,2019,55,Pure Water,Mustard & Migos
1342,2019,56,The Git Up,Blanco Brown
1343,2019,57,Taki Taki,"DJ Snake Featuring Selena Gomez, Ozuna & Cardi B"
1344,2019,58,Close To Me,Ellie Goulding X Diplo Featuring Swae Lee
1345,2019,59,Envy Me,Calboy
1346,2019,60,You Say,Lauren Daigle
1347,2019,61,"Hey Look Ma, I Made It",Panic! At The Disco
1348,2019,62,Circles,Post Malone
1349,2019,63,Beer Never Broke My Heart,Luke Combs
1350,2019,64,The London,"Young Thug, J. Cole & Travis Scott"
1351,2019,65,Con Calma,Daddy Yankee & Katy Perry Featuring Snow
1352,2019,66,Murder On My Mind,YNW Melly
1353,2019,67,When The Party's Over,Billie Eilish
1354,2019,68,Act Up,City Girls
1355,2019,69,I Like It,"Cardi B, Bad Bunny & J Balvin"
1356,2019,70,Trampoline,SHAED
1357,2019,71,Leave Me Alone,Flipp Dinero
1358,2019,72,Breathin,Ariana Grande
1359,2019,73,Bury A Friend,Billie Eilish
1360,2019,74,Close Friends,Lil Baby
1361,2019,75,Baby Shark,Pinkfong
1362,2019,76,My Type,Saweetie
1363,2019,77,Worth It,YK Osiris
1364,2019,78,Only Human,Jonas Brothers
1365,2019,79,Knockin' Boots,Luke Bryan
1366,2019,80,Trip,Ella Mai
1367,2019,81,Rumor,Lee Brice
1368,2019,82,Swervin,A Boogie Wit da Hoodie Featuring 6ix9ine
1369,2019,83,How Do You Sleep?,Sam Smith
1370,2019,84,Baby,Lil Baby & DaBaby
1371,2019,85,Look What God Gave Her,Thomas Rhett
1372,2019,86,Good As You,Kane Brown
1373,2019,87,Clout,Offset Featuring Cardi B
1374,2019,88,Love Lies,Khalid & Normani
1375,2019,89,One Thing Right,Marshmello & Kane Brown
1376,2019,90,Cash Shit,Megan Thee Stallion Featuring DaBaby
1377,2019,91,Tequila,Dan + Shay
1378,2019,92,Shotta Flow,NLE Choppa
1379,2019,93,Hot Girl Summer,"Megan Thee Stallion, Nicki Minaj & Ty Dolla $ign"
1380,2019,94,Talk You Out Of It,Florida Georgia Line
1381,2019,95,Beautiful,Bazzi Featuring Camila Cabello
1382,2019,96,Eyes On You,Chase Rice
1383,2019,97,All To Myself,Dan + Shay
1384,2019,98,Boyfriend,Ariana Grande & Social House
1385,2019,99,Walk Me Home,P!nk
1386,2020,1,Blinding Lights,The Weeknd
1387,2020,2,Circles,Post Malone
1388,2020,3,The Box,Roddy Ricch
1389,2020,4,Don't Start Now,Dua Lipa
1390,2020,5,Rockstar,DaBaby Featuring Roddy Ricch
1391,2020,6,Adore You,Harry Styles
1392,2020,7,Life Is Good,Future Featuring Drake
1393,2020,8,Memories,Maroon 5
1394,2020,9,The Bones,Maren Morris
1395,2020,10,Someone You Loved,Lewis Capaldi
1396,2020,11,Say So,Doja Cat
1397,2020,12,I Hope,Gabby Barrett Featuring Charlie Puth
1398,2020,13,Whats Poppin,"Jack Harlow Featuring DaBaby, Tory Lanez & Lil Wayne"
1399,2020,14,Dance Monkey,Tones And I
1400,2020,15,Savage,Megan Thee Stallion
1401,2020,16,Roxanne,Arizona Zervas
1402,2020,17,Intentions,Justin Bieber Featuring Quavo
1403,2020,18,Everything I Wanted,Billie Eilish
1404,2020,19,Roses,SAINt JHN
1405,2020,20,Watermelon Sugar,Harry Styles
1406,2020,21,Before You Go,Lewis Capaldi
1407,2020,22,Falling,Trevor Daniel
1408,2020,23,"10,000 Hours",Dan + Shay & Justin Bieber
1409,2020,24,WAP,Cardi B Featuring Megan Thee Stallion
1410,2020,25,Ballin',Mustard & Roddy Ricch
1411,2020,26,Hot Girl Bummer,blackbear
1412,2020,27,Blueberry Faygo,Lil Mosey
1413,2020,28,Heartless,The Weeknd
1414,2020,29,BOP,DaBaby
1415,2020,30,Lose You To Love Me,Selena Gomez
1416,2020,31,Good As Hell,Lizzo
1417,2020,32,Toosie Slide,Drake
1418,2020,33,Break My Heart,Dua Lipa
1419,2020,34,Chasin' You,Morgan Wallen
1420,2020,35,Savage Love (Laxed - Siren Beat),Jawsh 685 x Jason Derulo
1421,2020,36,No Guidance,Chris Brown Featuring Drake
1422,2020,37,My Oh My,Camila Cabello Featuring DaBaby
1423,2020,38,Dynamite,BTS
1424,2020,39,Go Crazy,Chris Brown & Young Thug
1425,2020,40,High Fashion,Roddy Ricch Featuring Mustard
1426,2020,41,Laugh Now Cry Later,Drake Featuring Lil Durk
1427,2020,42,Woah,Lil Baby
1428,2020,43,Death Bed,Powfu Featuring beabadoobee
1429,2020,44,Senorita,Shawn Mendes & Camila Cabello
1430,2020,45,HIGHEST IN THE ROOM,Travis Scott
1431,2020,46,Bad Guy,Billie Eilish
1432,2020,47,Mood,24kGoldn Featuring iann dior
1433,2020,48,Rain On Me,Lady Gaga & Ariana Grande
1434,2020,49,For The Night,Pop Smoke Featuring Lil Baby & DaBaby
1435,2020,50,RITMO (Bad Boys For Life),Black Eyed Peas X J Balvin
1436,2020,51,Heart On Ice,Rod Wave
1437,2020,52,Nobody But You,Blake Shelton Duet With Gwen Stefani
1438,2020,53,Trampoline,SHAED
1439,2020,54,Come & Go,Juice WRLD x Marshmello
1440,2020,55,Truth Hurts,Lizzo
1441,2020,56,If The World Was Ending,JP Saxe Featuring Julia Michaels
1442,2020,57,We Paid,Lil Baby & 42 Dugg
1443,2020,58,Yummy,Justin Bieber
1444,2020,59,One Man Band,Old Dominion
1445,2020,60,Got What I Got,Jason Aldean
1446,2020,61,Sunday Best,Surfaces
1447,2020,62,Godzilla,Eminem Featuring Juice WRLD
1448,2020,63,Bandit,Juice WRLD & YoungBoy Never Broke Again
1449,2020,64,Party Girl,StaySolidRocky
1450,2020,65,Die From A Broken Heart,Maddie & Tae
1451,2020,66,Popstar,DJ Khaled Featuring Drake
1452,2020,67,All I Want For Christmas Is You,Mariah Carey
1453,2020,68,One Of Them Girls,Lee Brice
1454,2020,69,Hard To Forget,Sam Hunt
1455,2020,70,One Margarita,Luke Bryan
1456,2020,71,Panini,Lil Nas X
1457,2020,72,Hot,Young Thug Featuring Gunna
1458,2020,73,I Hope You're Happy Now,Carly Pearce & Lee Brice
1459,2020,74,Emotionally Scarred,Lil Baby
1460,2020,75,Suicidal,YNW Melly & Juice WRLD
1461,2020,76,The Bigger Picture,Lil Baby
1462,2020,77,Only Human,Jonas Brothers
1463,2020,78,The Woo,Pop Smoke Featuring 50 Cent & Roddy Ricch
1464,2020,79,Sum 2 Prove,Lil Baby
1465,2020,80,Stuck With U,Ariana Grande & Justin Bieber
1466,2020,81,Mood Swings,Pop Smoke Featuring Lil Tjay
1467,2020,82,You Should Be Sad,Halsey
1468,2020,83,Dior,Pop Smoke
1469,2020,84,Supalonely,BENEE Featuring Gus Dapperton
1470,2020,85,Even Though I'm Leaving,Luke Combs
1471,2020,86,The Scotts,"THE SCOTTS, Travis Scott & Kid Cudi"
1472,2020,87,Juicy,Doja Cat & Tyga
1473,2020,88,Be Like That,Kane Brown With Swae Lee & Khalid
1474,2020,89,Homesick,Kane Brown
1475,2020,90,Rags2Riches,Rod Wave Featuring ATR Son Son
1476,2020,91,Bluebird,Miranda Lambert
1477,2020,92,Wishing Well,Juice WRLD
1478,2020,93,Does To Me,Luke Combs Featuring Eric Church
1479,2020,94,P*$$y Fairy (OTW),Jhene Aiko
1480,2020,95,ily,Surf Mesa Featuring Emilee
1481,2020,96,More Than My Hometown,Morgan Wallen
1482,2020,97,Lovin' On You,Luke Combs
1483,2020,98,Said Sum,Moneybagg Yo
1484,2020,99,Slide,H.E.R. Featuring YG
1485,2021,1,Levitating,Dua Lipa
1486,2021,2,Save Your Tears,The Weeknd & Ariana Grande
1487,2021,3,Blinding Lights,The Weeknd
1488,2021,4,Mood,24kGoldn Featuring iann dior
1489,2021,5,Good 4 U,Olivia Rodrigo
1490,2021,6,Kiss Me More,Doja Cat Featuring SZA
1491,2021,7,Leave The Door Open,Silk Sonic (Bruno Mars & Anderson .Paak)
1492,2021,8,Drivers License,Olivia Rodrigo
1493,2021,9,Montero (Call Me By Your Name),Lil Nas X
1494,2021,10,Peaches,Justin Bieber Featuring Daniel Caesar & Giveon
1495,2021,11,Butter,BTS
1496,2021,12,Stay,The Kid LAROI & Justin Bieber
1497,2021,13,Deja Vu,Olivia Rodrigo
1498,2021,14,Positions,Ariana Grande
1499,2021,15,Bad Habits,Ed Sheeran
1500,2021,16,Heat Waves,Glass Animals
1501,2021,17,Without You,The Kid LAROI
1502,2021,18,Forever After All,Luke Combs
1503,2021,19,Go Crazy,Chris Brown & Young Thug
1504,2021,20,Astronaut In The Ocean,Masked Wolf
1505,2021,21,34+35,Ariana Grande Feat. Doja Cat & Megan Thee Stallion
1506,2021,22,What You Know Bout Love,Pop Smoke
1507,2021,23,My Ex's Best Friend,Machine Gun Kelly X blackbear
1508,2021,24,Industry Baby,Lil Nas X & Jack Harlow
1509,2021,25,Therefore I Am,Billie Eilish
1510,2021,26,Up,Cardi B
1511,2021,27,Fancy Like,Walker Hayes
1512,2021,28,Dakiti,Bad Bunny & Jhay Cortez
1513,2021,29,Best Friend,Saweetie Featuring Doja Cat
1514,2021,30,Rapstar,Polo G
1515,2021,31,Heartbreak Anniversary,Giveon
1516,2021,32,For The Night,Pop Smoke Featuring Lil Baby & DaBaby
1517,2021,33,Calling My Phone,Lil Tjay Featuring 6LACK
1518,2021,34,Beautiful Mistakes,Maroon 5 Featuring Megan Thee Stallion
1519,2021,35,Holy,Justin Bieber Featuring Chance The Rapper
1520,2021,36,On Me,Lil Baby
1521,2021,37,You Broke Me First.,Tate McRae
1522,2021,38,Traitor,Olivia Rodrigo
1523,2021,39,Back In Blood,Pooh Shiesty Featuring Lil Durk
1524,2021,40,I Hope,Gabby Barrett Featuring Charlie Puth
1525,2021,41,Dynamite,BTS
1526,2021,42,Wockesha,Moneybagg Yo
1527,2021,43,You Right,Doja Cat & The Weeknd
1528,2021,44,Beat Box,SpotemGottem Featuring Pooh Shiesty Or DaBaby
1529,2021,45,Laugh Now Cry Later,Drake Featuring Lil Durk
1530,2021,46,Need To Know,Doja Cat
1531,2021,47,Wants And Needs,Drake Featuring Lil Baby
1532,2021,48,Way 2 Sexy,Drake Featuring Future & Young Thug
1533,2021,49,Telepatia,Kali Uchis
1534,2021,50,Whoopty,CJ
1535,2021,51,Lemonade,Internet Money & Gunna Featuring Don Toliver & NAV
1536,2021,52,Good Days,SZA
1537,2021,53,Starting Over,Chris Stapleton
1538,2021,54,Body,Megan Thee Stallion
1539,2021,55,Willow,Taylor Swift
1540,2021,56,Bang!,AJR
1541,2021,57,Better Together,Luke Combs
1542,2021,58,You're Mines Still,Yung Bleu Featuring Drake
1543,2021,59,Every Chance I Get,DJ Khaled Featuring Lil Baby & Lil Durk
1544,2021,60,Essence,Wizkid Featuring Justin Bieber & Tems
1545,2021,61,Chasing After You,Ryan Hurd With Maren Morris
1546,2021,62,The Good Ones,Gabby Barrett
1547,2021,63,Leave Before You Love Me,Marshmello X Jonas Brothers
1548,2021,64,Glad You Exist,Dan + Shay
1549,2021,65,Lonely,Justin Bieber & benny blanco
1550,2021,66,Beggin',Maneskin
1551,2021,67,Streets,Doja Cat
1552,2021,68,What's Next,Drake
1553,2021,69,Famous Friends,Chris Young + Kane Brown
1554,2021,70,Lil Bit,Nelly & Florida Georgia Line
1555,2021,71,Thot Shit,Megan Thee Stallion
1556,2021,72,Late At Night,Roddy Ricch
1557,2021,73,Kings & Queens,Ava Max
1558,2021,74,Anyone,Justin Bieber
1559,2021,75,Track Star,Mooski
1560,2021,76,Time Today,Moneybagg Yo
1561,2021,77,Cry Baby,Megan Thee Stallion Featuring DaBaby
1562,2021,78,All I Want For Christmas Is You,Mariah Carey
1563,2021,79,No More Parties,Coi Leray Featuring Lil Durk
1564,2021,80,What's Your Country Song,Thomas Rhett
1565,2021,81,One Too Many,Keith Urban Duet With P!nk
1566,2021,82,Arcade,Duncan Laurence
1567,2021,83,Yonaguni,Bad Bunny
1568,2021,84,Good Time,Niko Moon
1569,2021,85,If I Didn't Love You,Jason Aldean & Carrie Underwood
1570,2021,86,Knife Talk,Drake Featuring 21 Savage & Project Pat
1571,2021,87,pov,Ariana Grande
1572,2021,88,Just The Way,Parmalee x Blanco Brown
1573,2021,89,Take My Breath,The Weeknd
1574,2021,90,We're Good,Dua Lipa
1575,2021,91,Hell Of A View,Eric Church
1576,2021,92,Rockin' Around The Christmas Tree,Brenda Lee
1577,2021,93,Put Your Records On,Ritt Momney
1578,2021,94,Happier Than Ever,Billie Eilish
1579,2021,95,Single Saturday Night,Cole Swindell
1580,2021,96,Things A Man Oughta Know,Lainey Wilson
1581,2021,97,Throat Baby (Go Baby),BRS Kash
1582,2021,98,Tombstone,Rod Wave
1583,2021,99,Drinkin' Beer. Talkin' God. Amen.,Chase Rice Featuring Florida Georgia Line
1584,2022,1,Heat Waves,Glass Animals
1585,2022,2,As It Was,Harry Styles
1586,2022,3,Stay,The Kid LAROI & Justin Bieber
1587,2022,4,Easy On Me,Adele
1588,2022,5,Shivers,Ed Sheeran
1589,2022,6,First Class,Jack Harlow
1590,2022,7,Big Energy,Latto
1591,2022,8,Ghost,Justin Bieber
1592,2022,9,Super Gremlin,Kodak Black
1593,2022,10,Cold Heart (PNAU Remix),Elton John & Dua Lipa
1594,2022,11,Wait For U,Future Featuring Drake & Tems
1595,2022,12,About Damn Time,Lizzo
1596,2022,13,Bad Habits,Ed Sheeran
1597,2022,14,Thats What I Want,Lil Nas X
1598,2022,15,Enemy,Imagine Dragons X JID
1599,2022,16,Industry Baby,Lil Nas X & Jack Harlow
1600,2022,17,abcdefu,GAYLE
1601,2022,18,Need To Know,Doja Cat
1602,2022,19,Wasted On You,Morgan Wallen
1603,2022,20,Me Porto Bonito,Bad Bunny & Chencho Corleone
1604,2022,21,Woman,Doja Cat
1605,2022,22,Titi Me Pregunto,Bad Bunny
1606,2022,23,Running Up That Hill (A Deal With God),Kate Bush
1607,2022,24,We Don't Talk About Bruno,"Carolina Gaitan, Mauro Castillo, Adassa, Rhenzy Feliz, Diane Guerrero, Stephanie Beatriz & Encanto Cast"
1608,2022,25,Late Night Talking,Harry Styles
1609,2022,26,I Like You (A Happier Song),Post Malone Featuring Doja Cat
1610,2022,27,You Proof,Morgan Wallen
1611,2022,28,Bad Habit,Steve Lacy
1612,2022,29,Sunroof,Nicky Youre & dazy
1613,2022,30,One Right Now,Post Malone & The Weeknd
1614,2022,31,Good 4 U,Olivia Rodrigo
1615,2022,32,Numb Little Bug,Em Beihold
1616,2022,33,Jimmy Cooks,Drake Featuring 21 Savage
1617,2022,34,'Til You Can't,Cody Johnson
1618,2022,35,Fancy Like,Walker Hayes
1619,2022,36,The Kind Of Love We Make,Luke Combs
1620,2022,37,I Ain't Worried,OneRepublic
1621,2022,38,Break My Soul,Beyonce
1622,2022,39,Something In The Orange,Zach Bryan
1623,2022,40,Save Your Tears,The Weeknd & Ariana Grande
1624,2022,41,Smokin Out The Window,Silk Sonic (Bruno Mars & Anderson .Paak)
1625,2022,42,Levitating,Dua Lipa
1626,2022,43,In A Minute,Lil Baby
1627,2022,44,Moscow Mule,Bad Bunny
1628,2022,45,You Right,Doja Cat & The Weeknd
1629,2022,46,She Had Me At Heads Carolina,Cole Swindell
1630,2022,47,Vegas,Doja Cat
1631,2022,48,Pushin P,Gunna & Future Featuring Young Thug
1632,2022,49,Buy Dirt,Jordan Davis Featuring Luke Bryan
1633,2022,50,I Hate U,SZA
1634,2022,51,Boyfriend,Dove Cameron
1635,2022,52,Glimpse Of Us,Joji
1636,2022,53,Surface Pressure,Jessica Darrow
1637,2022,54,Fall In Love,Bailey Zimmerman
1638,2022,55,Love Nwantiti (Ah Ah Ah),CKay
1639,2022,56,Super Freaky Girl,Nicki Minaj
1640,2022,57,Hrs And Hrs,Muni Long
1641,2022,58,Sand In My Boots,Morgan Wallen
1642,2022,59,MAMIII,Becky G X Karol G
1643,2022,60,Knife Talk,Drake Featuring 21 Savage & Project Pat
1644,2022,61,AA,Walker Hayes
1645,2022,62,Sweetest Pie,Megan Thee Stallion & Dua Lipa
1646,2022,63,Provenza,Karol G
1647,2022,64,Essence,Wizkid Featuring Justin Bieber & Tems
1648,2022,65,All I Want For Christmas Is You,Mariah Carey
1649,2022,66,Bam Bam,Camila Cabello Featuring Ed Sheeran
1650,2022,67,5 Foot 9,Tyler Hubbard
1651,2022,68,Get Into It (Yuh),Doja Cat
1652,2022,69,Efecto,Bad Bunny
1653,2022,70,Rock And A Hard Place,Bailey Zimmerman
1654,2022,71,Doin' This,Luke Combs
1655,2022,72,Oh My God,Adele
1656,2022,73,Better Days,NEIKED X Mae Muller X Polo G
1657,2022,74,Meet Me At Our Spot,THE ANXIETY: WILLOW & Tyler Cole
1658,2022,75,Fingers Crossed,Lauren Spencer Smith
1659,2022,76,All Too Well (Taylor's Version),Taylor Swift
1660,2022,77,Party,Bad Bunny & Rauw Alejandro
1661,2022,78,Despues de La Playa,Bad Bunny
1662,2022,79,You Should Probably Leave,Chris Stapleton
1663,2022,80,Rockin' Around The Christmas Tree,Brenda Lee
1664,2022,81,Broadway Girls,Lil Durk Featuring Morgan Wallen
1665,2022,82,Take My Name,Parmalee
1666,2022,83,What Happened To Virgil,Lil Durk Featuring Gunna
1667,2022,84,Puffin On Zootiez,Future
1668,2022,85,Like I Love Country Music,Kane Brown
1669,2022,86,Jingle Bell Rock,Bobby Helms
1670,2022,87,Ojitos Lindos,Bad Bunny & Bomba Estereo
1671,2022,88,Trouble With A Heartbreak,Jason Aldean
1672,2022,89,A Holly Jolly Christmas,Burl Ives
1673,2022,90,Kiss Me More,Doja Cat Featuring SZA
1674,2022,91,She Likes It,Russell Dickerson & Jake Scott
1675,2022,92,Never Say Never,Cole Swindell / Lainey Wilson
1676,2022,93,Damn Strait,Scotty McCreery
1677,2022,94,She's All I Wanna Be,Tate McRae
1678,2022,95,Last Night Lonely,Jon Pardi
1679,2022,96,Flower Shops,ERNEST Featuring Morgan Wallen
1680,2022,97,To The Moon!,JNR CHOI & Sam Tompkins
1681,2022,98,Unholy,Sam Smith & Kim Petras
1682,2022,99,One Mississippi,Kane Brown
1683,2023,1,Last Night,Morgan Wallen
1684,2023,2,Flowers,Miley Cyrus
1685,2023,3,Kill Bill,SZA
1686,2023,4,Anti-Hero,Taylor Swift
1687,2023,5,Creepin',"Metro Boomin, The Weeknd & 21 Savage"
1688,2023,6,Calm Down,Rema & Selena Gomez
1689,2023,7,Die For You,The Weeknd & Ariana Grande
1690,2023,8,Fast Car,Luke Combs
1691,2023,9,Snooze,SZA
1692,2023,10,I'm Good (Blue),David Guetta & Bebe Rexha
1693,2023,11,Unholy,Sam Smith & Kim Petras
1694,2023,12,You Proof,Morgan Wallen
1695,2023,13,Something In The Orange,Zach Bryan
1696,2023,14,Rich Flex,Drake & 21 Savage
1697,2023,15,As It Was,Harry Styles
1698,2023,16,Rock And A Hard Place,Bailey Zimmerman
1699,2023,17,Under The Influence,Chris Brown
1700,2023,18,Cruel Summer,Taylor Swift
1701,2023,19,Thinkin' Bout Me,Morgan Wallen
1702,2023,20,"Boy's A Liar, Pt. 2",PinkPantheress & Ice Spice
1703,2023,21,Favorite Song,Toosii
1704,2023,22,Thought You Should Know,Morgan Wallen
1705,2023,23,Thank God,Kane Brown With Katelyn Brown
1706,2023,24,Sure Thing,Miguel
1707,2023,25,All My Life,Lil Durk Featuring J. Cole
1708,2023,26,Ella Baila Sola,Eslabon Armado X Peso Pluma
1709,2023,27,Karma,Taylor Swift Featuring Ice Spice
1710,2023,28,Just Wanna Rock,Lil Uzi Vert
1711,2023,29,Cuff It,Beyonce
1712,2023,30,Vampire,Olivia Rodrigo
1713,2023,31,Fukumean,Gunna
1714,2023,32,Lavender Haze,Taylor Swift
1715,2023,33,Players,Coi Leray
1716,2023,34,Need A Favor,Jelly Roll
1717,2023,35,Dance The Night,Dua Lipa
1718,2023,36,Love You Anyway,Luke Combs
1719,2023,37,One Thing At A Time,Morgan Wallen
1720,2023,38,Superhero (Heroes & Villains),"Metro Boomin, Future & Chris Brown"
1721,2023,39,Bad Habit,Steve Lacy
1722,2023,40,La Bebe,Yng Lvcas x Peso Pluma
1723,2023,41,Golden Hour,JVKE
1724,2023,42,Religiously,Bailey Zimmerman
1725,2023,43,Spin Bout U,Drake & 21 Savage
1726,2023,44,Cupid,Fifty Fifty
1727,2023,45,Search & Rescue,Drake
1728,2023,46,Barbie World,Nicki Minaj & Ice Spice With Aqua
1729,2023,47,Next Thing You Know,Jordan Davis
1730,2023,48,Escapism,RAYE Featuring 070 Shake
1731,2023,49,Un x100to,Grupo Frontera X Bad Bunny
1732,2023,50,Until I Found You,Stephen Sanchez
1733,2023,51,Shirt,SZA
1734,2023,52,Paint The Town Red,Doja Cat
1735,2023,53,Made You Look,Meghan Trainor
1736,2023,54,Wait In The Truck,HARDY Featuring Lainey Wilson
1737,2023,55,All I Want For Christmas Is You,Mariah Carey
1738,2023,56,Everything I Love,Morgan Wallen
1739,2023,57,Chemical,Post Malone
1740,2023,58,Heart Like A Truck,Lainey Wilson
1741,2023,59,"Going, Going, Gone",Luke Combs
1742,2023,60,Rockin' Around The Christmas Tree,Brenda Lee
1743,2023,61,Dancin' In The Country,Tyler Hubbard
1744,2023,62,Daylight,David Kushner
1745,2023,63,Lift Me Up,Rihanna
1746,2023,64,Eyes Closed,Ed Sheeran
1747,2023,65,TQG,Karol G x Shakira
1748,2023,66,Try That In A Small Town,Jason Aldean
1749,2023,67,Tennessee Orange,Megan Moroney
1750,2023,68,Jingle Bell Rock,Bobby Helms
1751,2023,69,Princess Diana,Ice Spice & Nicki Minaj
1752,2023,70,Tomorrow 2,GloRilla & Cardi B
1753,2023,71,A Holly Jolly Christmas,Burl Ives
1754,2023,72,Where She Goes,Bad Bunny
1755,2023,73,Bebe Dame,Fuerza Regida X Grupo Frontera
1756,2023,74,I Remember Everything,Zach Bryan Featuring Kacey Musgraves
1757,2023,75,I Like You (A Happier Song),Post Malone Featuring Doja Cat
1758,2023,76,What It Is (Block Boy),Doechii Featuring Kodak Black
1759,2023,77,Nobody Gets Me,SZA
1760,2023,78,Rich Men North Of Richmond,Oliver Anthony Music
1761,2023,79,Super Freaky Girl,Nicki Minaj
1762,2023,80,Dial Drunk,Noah Kahan With Post Malone
1763,2023,81,What Was I Made For?,Billie Eilish
1764,2023,82,Seven,Jung Kook Featuring Latto
1765,2023,83,Wait For U,Future Featuring Drake & Tems
1766,2023,84,Last Christmas,Wham!
1767,2023,85,Handle On You,Parker McCollum
1768,2023,86,Por Las Noches,Peso Pluma
1769,2023,87,Memory Lane,Old Dominion
1770,2023,88,Area Codes,Kaliii
1771,2023,89,Bury Me In Georgia,Kane Brown
1772,2023,90,PRC,Peso Pluma X Natanael Cano
1773,2023,91,What My World Spins Around,Jordan Davis
1774,2023,92,Ain't That Some,Morgan Wallen
1775,2023,93,Wild As Her,Corey Kent
1776,2023,94,Peaches & Eggplants,Young Nudy Featuring 21 Savage
1777,2023,95,I Wrote The Book,Morgan Wallen
1778,2023,96,"Bzrp Music Sessions, Vol. 53",Bizarrap & Shakira
1779,2023,97,Meltdown,Travis Scott Featuring Drake
1780,2023,98,Put It On Da Floor Again,Latto Featuring Cardi B
1781,2023,99,Bloody Mary,Lady Gaga
